--
-- PostgreSQL database dump
--

-- Dumped from database version 17.5
-- Dumped by pg_dump version 17.5

-- Started on 2026-02-20 07:37:13

SET statement_timeout = 0;

SET lock_timeout = 0;

SET idle_in_transaction_session_timeout = 0;
--SET transaction_timeout = 0;
SET client_encoding = 'UTF8';

SET standard_conforming_strings = on;

SELECT pg_catalog.set_config ('search_path', '', false);

SET check_function_bodies = false;

SET xmloption = content;

SET client_min_messages = warning;

SET row_security = off;

SET default_tablespace = '';

SET default_table_access_method = heap;

--
-- TOC entry 235 (class 1259 OID 53512)
-- Name: blacklisted_tokens; Type: TABLE; Schema: public; Owner: postgres
--

CREATE TABLE public.blacklisted_tokens (
    id bigint NOT NULL,
    blacklisted_at timestamp(6) without time zone,
    expires_at timestamp(6) without time zone NOT NULL,
    reason character varying(100),
    token character varying(500) NOT NULL,
    username character varying(50) NOT NULL
);

ALTER TABLE public.blacklisted_tokens OWNER TO postgres;

--
-- TOC entry 234 (class 1259 OID 53511)
-- Name: blacklisted_tokens_id_seq; Type: SEQUENCE; Schema: public; Owner: postgres
--

CREATE SEQUENCE public.blacklisted_tokens_id_seq START
WITH
    1 INCREMENT BY 1 NO MINVALUE NO MAXVALUE CACHE 1;

ALTER SEQUENCE public.blacklisted_tokens_id_seq OWNER TO postgres;

--
-- TOC entry 5097 (class 0 OID 0)
-- Dependencies: 234
-- Name: blacklisted_tokens_id_seq; Type: SEQUENCE OWNED BY; Schema: public; Owner: postgres
--

ALTER SEQUENCE public.blacklisted_tokens_id_seq OWNED BY public.blacklisted_tokens.id;

--
-- TOC entry 218 (class 1259 OID 53407)
-- Name: cart_items; Type: TABLE; Schema: public; Owner: postgres
--

CREATE TABLE public.cart_items (
    id integer NOT NULL,
    cart_id integer NOT NULL,
    price double precision NOT NULL,
    product_id integer NOT NULL,
    nalichie character varying(255),
    vozvrat character varying(10) DEFAULT NULL::character varying,
    quantity integer
);

ALTER TABLE public.cart_items OWNER TO postgres;

--
-- TOC entry 217 (class 1259 OID 53406)
-- Name: cart_items_id_seq; Type: SEQUENCE; Schema: public; Owner: postgres
--

ALTER TABLE public.cart_items
ALTER COLUMN id
ADD GENERATED BY DEFAULT AS IDENTITY (
    SEQUENCE NAME public.cart_items_id_seq START
    WITH
        1 INCREMENT BY 1 NO MINVALUE NO MAXVALUE CACHE 1
);

--
-- TOC entry 220 (class 1259 OID 53413)
-- Name: carts; Type: TABLE; Schema: public; Owner: postgres
--

CREATE TABLE public.carts (
    id integer NOT NULL,
    client_id integer NOT NULL,
    created_date timestamp(6) without time zone,
    status character varying(255)
);

ALTER TABLE public.carts OWNER TO postgres;

--
-- TOC entry 219 (class 1259 OID 53412)
-- Name: carts_id_seq; Type: SEQUENCE; Schema: public; Owner: postgres
--

ALTER TABLE public.carts
ALTER COLUMN id
ADD GENERATED BY DEFAULT AS IDENTITY (
    SEQUENCE NAME public.carts_id_seq START
    WITH
        1 INCREMENT BY 1 NO MINVALUE NO MAXVALUE CACHE 1
);

--
-- TOC entry 222 (class 1259 OID 53419)
-- Name: collector_tasks; Type: TABLE; Schema: public; Owner: postgres
--

CREATE TABLE public.collector_tasks (
    id bigint NOT NULL,
    client_id character varying(255),
    collector_id character varying(255) NOT NULL,
    comments character varying(255),
    completed_date timestamp without time zone,
    created_date timestamp without time zone,
    location character varying(255),
    order_id character varying(255),
    priority character varying(255),
    problem_type character varying(255),
    product_id character varying(255),
    product_name character varying(255),
    quantity integer,
    started_date timestamp without time zone,
    status character varying(255),
    task_id character varying(255) NOT NULL,
    task_type character varying(255)
);

ALTER TABLE public.collector_tasks OWNER TO postgres;

--
-- TOC entry 221 (class 1259 OID 53418)
-- Name: collector_tasks_id_seq; Type: SEQUENCE; Schema: public; Owner: postgres
--

CREATE SEQUENCE public.collector_tasks_id_seq START
WITH
    1 INCREMENT BY 1 NO MINVALUE NO MAXVALUE CACHE 1;

ALTER SEQUENCE public.collector_tasks_id_seq OWNER TO postgres;

--
-- TOC entry 5098 (class 0 OID 0)
-- Dependencies: 221
-- Name: collector_tasks_id_seq; Type: SEQUENCE OWNED BY; Schema: public; Owner: postgres
--

ALTER SEQUENCE public.collector_tasks_id_seq OWNED BY public.collector_tasks.id;

--
-- TOC entry 224 (class 1259 OID 53428)
-- Name: collectors; Type: TABLE; Schema: public; Owner: postgres
--

CREATE TABLE public.collectors (
    id bigint NOT NULL,
    collector_id character varying(255) NOT NULL,
    created_date timestamp without time zone,
    current_location character varying(255),
    last_activity timestamp without time zone,
    name character varying(255) NOT NULL,
    status character varying(255)
);

ALTER TABLE public.collectors OWNER TO postgres;

--
-- TOC entry 223 (class 1259 OID 53427)
-- Name: collectors_id_seq; Type: SEQUENCE; Schema: public; Owner: postgres
--

CREATE SEQUENCE public.collectors_id_seq START
WITH
    1 INCREMENT BY 1 NO MINVALUE NO MAXVALUE CACHE 1;

ALTER SEQUENCE public.collectors_id_seq OWNER TO postgres;

--
-- TOC entry 5099 (class 0 OID 0)
-- Dependencies: 223
-- Name: collectors_id_seq; Type: SEQUENCE OWNED BY; Schema: public; Owner: postgres
--

ALTER SEQUENCE public.collectors_id_seq OWNED BY public.collectors.id;

--
-- TOC entry 230 (class 1259 OID 53485)
-- Name: compensation_logs; Type: TABLE; Schema: public; Owner: postgres
--

CREATE TABLE public.compensation_logs (
    id bigint NOT NULL,
    compensated_items text,
    compensation_data text,
    compensation_type character varying(255) NOT NULL,
    completed_at timestamp(6) without time zone,
    created_at timestamp(6) without time zone,
    duration_ms bigint,
    error_message character varying(2000),
    reason character varying(1000) NOT NULL,
    retry_count integer,
    saga_step_id bigint,
    started_at timestamp(6) without time zone,
    status character varying(255) NOT NULL,
    transaction_id character varying(255) NOT NULL
);

ALTER TABLE public.compensation_logs OWNER TO postgres;

--
-- TOC entry 229 (class 1259 OID 53484)
-- Name: compensation_logs_id_seq; Type: SEQUENCE; Schema: public; Owner: postgres
--

ALTER TABLE public.compensation_logs
ALTER COLUMN id
ADD GENERATED BY DEFAULT AS IDENTITY (
    SEQUENCE NAME public.compensation_logs_id_seq START
    WITH
        1 INCREMENT BY 1 NO MINVALUE NO MAXVALUE CACHE 1
);

--
-- TOC entry 226 (class 1259 OID 53441)
-- Name: deliveries; Type: TABLE; Schema: public; Owner: postgres
--

CREATE TABLE public.deliveries (
    id integer NOT NULL,
    actual_delivery_time timestamp(6) without time zone,
    assigned_courier_id integer,
    client_id integer NOT NULL,
    created_at timestamp(6) without time zone,
    delivery_address character varying(255) NOT NULL,
    delivery_phone character varying(255),
    delivery_status character varying(255),
    estimated_delivery_time timestamp(6) without time zone,
    order_id integer NOT NULL,
    updated_at timestamp(6) without time zone,
    CONSTRAINT deliveries_delivery_status_check CHECK (
        (
            (delivery_status)::text = ANY (
                (
                    ARRAY[
                        'PENDING'::character varying,
                        'ASSIGNED'::character varying,
                        'PICKED_UP'::character varying,
                        'IN_TRANSIT'::character varying,
                        'OUT_FOR_DELIVERY'::character varying,
                        'DELIVERED'::character varying,
                        'FAILED'::character varying,
                        'CANCELLED'::character varying
                    ]
                )::text []
            )
        )
    )
);

ALTER TABLE public.deliveries OWNER TO postgres;

--
-- TOC entry 225 (class 1259 OID 53440)
-- Name: deliveries_id_seq; Type: SEQUENCE; Schema: public; Owner: postgres
--

CREATE SEQUENCE public.deliveries_id_seq AS integer START
WITH
    1 INCREMENT BY 1 NO MINVALUE NO MAXVALUE CACHE 1;

ALTER SEQUENCE public.deliveries_id_seq OWNER TO postgres;

--
-- TOC entry 5100 (class 0 OID 0)
-- Dependencies: 225
-- Name: deliveries_id_seq; Type: SEQUENCE OWNED BY; Schema: public; Owner: postgres
--

ALTER SEQUENCE public.deliveries_id_seq OWNED BY public.deliveries.id;

--
-- TOC entry 243 (class 1259 OID 53598)
-- Name: office_problems; Type: TABLE; Schema: public; Owner: postgres
--

CREATE TABLE public.office_problems (
    id bigint NOT NULL,
    assigned_to integer,
    client_decision character varying(255),
    client_email_sent boolean,
    client_id integer,
    client_responded_at timestamp(6) without time zone,
    collector_id character varying(255),
    created_at timestamp(6) without time zone,
    details character varying(255),
    notified_at timestamp(6) without time zone,
    office_action character varying(255),
    order_id integer,
    priority character varying(255),
    problem_type character varying(255),
    product_id integer,
    resolved_at timestamp(6) without time zone,
    status character varying(255),
    updated_at timestamp(6) without time zone
);

ALTER TABLE public.office_problems OWNER TO postgres;

--
-- TOC entry 242 (class 1259 OID 53597)
-- Name: office_problems_id_seq; Type: SEQUENCE; Schema: public; Owner: postgres
--

CREATE SEQUENCE public.office_problems_id_seq START
WITH
    1 INCREMENT BY 1 NO MINVALUE NO MAXVALUE CACHE 1;

ALTER SEQUENCE public.office_problems_id_seq OWNER TO postgres;

--
-- TOC entry 5101 (class 0 OID 0)
-- Dependencies: 242
-- Name: office_problems_id_seq; Type: SEQUENCE OWNED BY; Schema: public; Owner: postgres
--

ALTER SEQUENCE public.office_problems_id_seq OWNED BY public.office_problems.id;

--
-- TOC entry 241 (class 1259 OID 53589)
-- Name: orders; Type: TABLE; Schema: public; Owner: postgres
--

CREATE TABLE public.orders (
    id integer NOT NULL,
    cart_id integer NOT NULL,
    created_date timestamp(6) without time zone,
    order_number character varying(255),
    status character varying(255),
    total_amount numeric(10, 2)
);

ALTER TABLE public.orders OWNER TO postgres;

--
-- TOC entry 240 (class 1259 OID 53588)
-- Name: orders_id_seq; Type: SEQUENCE; Schema: public; Owner: postgres
--

ALTER TABLE public.orders
ALTER COLUMN id
ADD GENERATED BY DEFAULT AS IDENTITY (
    SEQUENCE NAME public.orders_id_seq START
    WITH
        1 INCREMENT BY 1 NO MINVALUE NO MAXVALUE CACHE 1
);

--
-- TOC entry 252 (class 1259 OID 64820)
-- Name: pay_back; Type: TABLE; Schema: public; Owner: postgres
--

CREATE TABLE public.pay_back (
    id bigint NOT NULL,
    cart_id bigint,
    created_date timestamp(6) without time zone,
    data_tc timestamp(6) without time zone,
    price numeric(38, 2),
    status character varying(255) NOT NULL,
    user_id bigint
);

ALTER TABLE public.pay_back OWNER TO postgres;

--
-- TOC entry 251 (class 1259 OID 64819)
-- Name: pay_back_id_seq; Type: SEQUENCE; Schema: public; Owner: postgres
--

ALTER TABLE public.pay_back
ALTER COLUMN id
ADD GENERATED BY DEFAULT AS IDENTITY (
    SEQUENCE NAME public.pay_back_id_seq START
    WITH
        1 INCREMENT BY 1 NO MINVALUE NO MAXVALUE CACHE 1
);

--
-- TOC entry 248 (class 1259 OID 64146)
-- Name: payment_accounts; Type: TABLE; Schema: public; Owner: postgres
--

CREATE TABLE public.payment_accounts (
    cash numeric(10, 2),
    created_at timestamp(6) without time zone,
    id bigint NOT NULL,
    updated_at timestamp(6) without time zone,
    user_id bigint NOT NULL,
    description character varying(255)
);

ALTER TABLE public.payment_accounts OWNER TO postgres;

--
-- TOC entry 247 (class 1259 OID 64145)
-- Name: payment_accounts_id_seq; Type: SEQUENCE; Schema: public; Owner: postgres
--

ALTER TABLE public.payment_accounts
ALTER COLUMN id
ADD GENERATED BY DEFAULT AS IDENTITY (
    SEQUENCE NAME public.payment_accounts_id_seq START
    WITH
        1 INCREMENT BY 1 NO MINVALUE NO MAXVALUE CACHE 1
);

--
-- TOC entry 254 (class 1259 OID 65157)
-- Name: payment_carts; Type: TABLE; Schema: public; Owner: postgres
--

CREATE TABLE public.payment_carts (
    id integer NOT NULL,
    balans numeric(10, 2) NOT NULL,
    cart_number character varying(16) NOT NULL,
    created_at timestamp(6) without time zone NOT NULL,
    "cvv/cvc" character varying(255) NOT NULL,
    id_users bigint NOT NULL,
    updated_at timestamp(6) without time zone NOT NULL
);

ALTER TABLE public.payment_carts OWNER TO postgres;

--
-- TOC entry 253 (class 1259 OID 65156)
-- Name: payment_carts_id_seq; Type: SEQUENCE; Schema: public; Owner: postgres
--

ALTER TABLE public.payment_carts
ALTER COLUMN id
ADD GENERATED BY DEFAULT AS IDENTITY (
    SEQUENCE NAME public.payment_carts_id_seq START
    WITH
        1 INCREMENT BY 1 NO MINVALUE NO MAXVALUE CACHE 1
);

--
-- TOC entry 250 (class 1259 OID 64154)
-- Name: payment_transactions; Type: TABLE; Schema: public; Owner: postgres
--

CREATE TABLE public.payment_transactions (
    amount numeric(10, 2) NOT NULL,
    balance_after numeric(10, 2),
    balance_before numeric(10, 2),
    created_date timestamp(6) without time zone NOT NULL,
    id bigint NOT NULL,
    user_id bigint NOT NULL,
    description character varying(255),
    operation_type character varying(255) NOT NULL,
    order_id character varying(255),
    reference_id character varying(255),
    status character varying(255) NOT NULL,
    system_id bigint
);

ALTER TABLE public.payment_transactions OWNER TO postgres;

--
-- TOC entry 249 (class 1259 OID 64153)
-- Name: payment_transactions_id_seq; Type: SEQUENCE; Schema: public; Owner: postgres
--

ALTER TABLE public.payment_transactions
ALTER COLUMN id
ADD GENERATED BY DEFAULT AS IDENTITY (
    SEQUENCE NAME public.payment_transactions_id_seq START
    WITH
        1 INCREMENT BY 1 NO MINVALUE NO MAXVALUE CACHE 1
);

--
-- TOC entry 232 (class 1259 OID 53493)
-- Name: saga_steps; Type: TABLE; Schema: public; Owner: postgres
--

CREATE TABLE public.saga_steps (
    id bigint NOT NULL,
    compensated_at timestamp(6) without time zone,
    compensation_data text,
    completed_at timestamp(6) without time zone,
    created_at timestamp(6) without time zone,
    depends_on_step_id bigint,
    duration_ms bigint,
    error_message character varying(2000),
    is_compensatable boolean,
    max_retries integer,
    next_retry_time timestamp(6) without time zone,
    retry_count integer,
    retry_delay_minutes integer,
    started_at timestamp(6) without time zone,
    status character varying(255) NOT NULL,
    step_data text,
    step_order integer NOT NULL,
    step_type character varying(255) NOT NULL,
    transaction_id character varying(255) NOT NULL,
    CONSTRAINT saga_steps_step_type_check CHECK (
        (
            (step_type)::text = ANY (
                (
                    ARRAY[
                        'VALIDATE_ORDER'::character varying,
                        'RESERVE_INVENTORY'::character varying,
                        'CREATE_PICKING_TASK'::character varying,
                        'START_PICKING'::character varying,
                        'SCAN_ITEM'::character varying,
                        'VERIFY_ITEM'::character varying,
                        'REPORT_PROBLEM'::character varying,
                        'NOTIFY_OFFICE'::character varying,
                        'NOTIFY_CLIENT'::character varying,
                        'AWAIT_CLIENT_DECISION'::character varying,
                        'PROCESS_CLIENT_DECISION'::character varying,
                        'UPDATE_INVENTORY'::character varying,
                        'CREATE_DELIVERY'::character varying,
                        'FINALIZE_TRANSACTION'::character varying,
                        'RELEASE_INVENTORY'::character varying,
                        'CANCEL_PICKING_TASK'::character varying,
                        'CANCEL_DELIVERY'::character varying,
                        'REFUND_PAYMENT'::character varying
                    ]
                )::text []
            )
        )
    )
);

ALTER TABLE public.saga_steps OWNER TO postgres;

--
-- TOC entry 231 (class 1259 OID 53492)
-- Name: saga_steps_id_seq; Type: SEQUENCE; Schema: public; Owner: postgres
--

ALTER TABLE public.saga_steps
ALTER COLUMN id
ADD GENERATED BY DEFAULT AS IDENTITY (
    SEQUENCE NAME public.saga_steps_id_seq START
    WITH
        1 INCREMENT BY 1 NO MINVALUE NO MAXVALUE CACHE 1
);

--
-- TOC entry 245 (class 1259 OID 53651)
-- Name: skladdva; Type: TABLE; Schema: public; Owner: postgres
--

CREATE TABLE public.skladdva (
    id integer,
    akticul character varying(50),
    count integer,
    name character varying(100),
    price double precision,
    category character varying(50),
    created_at timestamp(6) without time zone,
    description text,
    supplier character varying(100),
    updated_at timestamp(6) without time zone
);

ALTER TABLE public.skladdva OWNER TO postgres;

--
-- TOC entry 244 (class 1259 OID 53646)
-- Name: skladodin; Type: TABLE; Schema: public; Owner: postgres
--

CREATE TABLE public.skladodin (
    id integer,
    akticul character varying(50),
    count integer,
    name character varying(100),
    price double precision,
    category character varying(50),
    created_at timestamp(6) without time zone,
    description text,
    supplier character varying(100),
    updated_at timestamp(6) without time zone
);

ALTER TABLE public.skladodin OWNER TO postgres;

--
-- TOC entry 246 (class 1259 OID 53656)
-- Name: skladtri; Type: TABLE; Schema: public; Owner: postgres
--

CREATE TABLE public.skladtri (
    id integer,
    akticul character varying(50),
    count integer,
    name character varying(100),
    price double precision,
    category character varying(50),
    created_at timestamp(6) without time zone,
    description text,
    supplier character varying(100),
    updated_at timestamp(6) without time zone
);

ALTER TABLE public.skladtri OWNER TO postgres;

--
-- TOC entry 233 (class 1259 OID 53501)
-- Name: transactions; Type: TABLE; Schema: public; Owner: postgres
--

CREATE TABLE public.transactions (
    id character varying(255) NOT NULL,
    cancelled_at timestamp(6) without time zone,
    client_decision character varying(50),
    client_id character varying(255) NOT NULL,
    client_notified_at timestamp(6) without time zone,
    client_responded_at timestamp(6) without time zone,
    collector_id character varying(255) NOT NULL,
    completed_at timestamp(6) without time zone,
    created_at timestamp(6) without time zone,
    estimated_completion_time timestamp(6) without time zone,
    metadata jsonb,
    missing_items jsonb,
    office_notes character varying(2000),
    office_problem_id bigint,
    order_id character varying(255) NOT NULL,
    pause_reason character varying(1000),
    paused_at timestamp(6) without time zone,
    resumed_at timestamp(6) without time zone,
    scanned_items jsonb,
    started_at timestamp(6) without time zone,
    status character varying(255) NOT NULL,
    timeout_minutes integer,
    updated_at timestamp(6) without time zone,
    version bigint,
    CONSTRAINT transactions_status_check CHECK (
        (
            (status)::text = ANY (
                (
                    ARRAY[
                        'CREATED'::character varying,
                        'ACTIVE'::character varying,
                        'PAUSED'::character varying,
                        'WAITING_CLIENT'::character varying,
                        'WAITING_OFFICE'::character varying,
                        'COMPENSATING'::character varying,
                        'COMPLETED'::character varying,
                        'CANCELLED'::character varying,
                        'TIMEOUT'::character varying
                    ]
                )::text []
            )
        )
    )
);

ALTER TABLE public.transactions OWNER TO postgres;

--
-- TOC entry 237 (class 1259 OID 53521)
-- Name: user_sessions; Type: TABLE; Schema: public; Owner: postgres
--

CREATE TABLE public.user_sessions (
    id bigint NOT NULL,
    client_token character varying(100),
    created_at timestamp(6) without time zone,
    expires_at timestamp(6) without time zone,
    ip_address character varying(45),
    is_active boolean,
    jwt_token character varying(500),
    session_uuid character varying(36) NOT NULL,
    user_agent character varying(500),
    user_id integer NOT NULL
);

ALTER TABLE public.user_sessions OWNER TO postgres;

--
-- TOC entry 236 (class 1259 OID 53520)
-- Name: user_sessions_id_seq; Type: SEQUENCE; Schema: public; Owner: postgres
--

CREATE SEQUENCE public.user_sessions_id_seq START
WITH
    1 INCREMENT BY 1 NO MINVALUE NO MAXVALUE CACHE 1;

ALTER SEQUENCE public.user_sessions_id_seq OWNER TO postgres;

--
-- TOC entry 5102 (class 0 OID 0)
-- Dependencies: 236
-- Name: user_sessions_id_seq; Type: SEQUENCE OWNED BY; Schema: public; Owner: postgres
--

ALTER SEQUENCE public.user_sessions_id_seq OWNED BY public.user_sessions.id;

--
-- TOC entry 239 (class 1259 OID 53550)
-- Name: users; Type: TABLE; Schema: public; Owner: postgres
--

CREATE TABLE public.users (
    id integer NOT NULL,
    username character varying(50) NOT NULL,
    password character varying(255) NOT NULL,
    firstname character varying(50) NOT NULL,
    age integer,
    city character varying(255),
    mag character varying(255),
    email character varying(255) NOT NULL,
    status character varying(255) DEFAULT 'active'::character varying,
    created_at timestamp without time zone DEFAULT CURRENT_TIMESTAMP,
    updated_at timestamp without time zone DEFAULT CURRENT_TIMESTAMP,
    role character varying(255) DEFAULT 'client'::character varying
);

ALTER TABLE public.users OWNER TO postgres;

--
-- TOC entry 238 (class 1259 OID 53549)
-- Name: users_id_seq; Type: SEQUENCE; Schema: public; Owner: postgres
--

CREATE SEQUENCE public.users_id_seq AS integer START
WITH
    1 INCREMENT BY 1 NO MINVALUE NO MAXVALUE CACHE 1;

ALTER SEQUENCE public.users_id_seq OWNER TO postgres;

--
-- TOC entry 5103 (class 0 OID 0)
-- Dependencies: 238
-- Name: users_id_seq; Type: SEQUENCE OWNED BY; Schema: public; Owner: postgres
--

ALTER SEQUENCE public.users_id_seq OWNED BY public.users.id;

--
-- TOC entry 228 (class 1259 OID 53451)
-- Name: usersklad; Type: TABLE; Schema: public; Owner: postgres
--

CREATE TABLE public.usersklad (
    id integer NOT NULL,
    akticul character varying(50) NOT NULL,
    count integer NOT NULL,
    name character varying(100) NOT NULL,
    price double precision NOT NULL,
    category character varying(50) NOT NULL,
    created_at timestamp(6) without time zone,
    description text,
    supplier character varying(100),
    updated_at timestamp(6) without time zone
);

ALTER TABLE public.usersklad OWNER TO postgres;

--
-- TOC entry 227 (class 1259 OID 53450)
-- Name: usersklad_id_seq; Type: SEQUENCE; Schema: public; Owner: postgres
--

ALTER TABLE public.usersklad
ALTER COLUMN id
ADD GENERATED BY DEFAULT AS IDENTITY (
    SEQUENCE NAME public.usersklad_id_seq START
    WITH
        1 INCREMENT BY 1 NO MINVALUE NO MAXVALUE CACHE 1
);

--
-- TOC entry 4842 (class 2604 OID 53515)
-- Name: blacklisted_tokens id; Type: DEFAULT; Schema: public; Owner: postgres
--

ALTER TABLE ONLY public.blacklisted_tokens
ALTER COLUMN id
SET DEFAULT nextval(
    'public.blacklisted_tokens_id_seq'::regclass
);

--
-- TOC entry 4839 (class 2604 OID 53422)
-- Name: collector_tasks id; Type: DEFAULT; Schema: public; Owner: postgres
--

ALTER TABLE ONLY public.collector_tasks
ALTER COLUMN id
SET DEFAULT nextval(
    'public.collector_tasks_id_seq'::regclass
);

--
-- TOC entry 4840 (class 2604 OID 53431)
-- Name: collectors id; Type: DEFAULT; Schema: public; Owner: postgres
--

ALTER TABLE ONLY public.collectors
ALTER COLUMN id
SET DEFAULT nextval(
    'public.collectors_id_seq'::regclass
);

--
-- TOC entry 4841 (class 2604 OID 53444)
-- Name: deliveries id; Type: DEFAULT; Schema: public; Owner: postgres
--

ALTER TABLE ONLY public.deliveries
ALTER COLUMN id
SET DEFAULT nextval(
    'public.deliveries_id_seq'::regclass
);

--
-- TOC entry 4849 (class 2604 OID 53601)
-- Name: office_problems id; Type: DEFAULT; Schema: public; Owner: postgres
--

ALTER TABLE ONLY public.office_problems
ALTER COLUMN id
SET DEFAULT nextval(
    'public.office_problems_id_seq'::regclass
);

--
-- TOC entry 4843 (class 2604 OID 53524)
-- Name: user_sessions id; Type: DEFAULT; Schema: public; Owner: postgres
--

ALTER TABLE ONLY public.user_sessions
ALTER COLUMN id
SET DEFAULT nextval(
    'public.user_sessions_id_seq'::regclass
);

--
-- TOC entry 4844 (class 2604 OID 53553)
-- Name: users id; Type: DEFAULT; Schema: public; Owner: postgres
--

ALTER TABLE ONLY public.users
ALTER COLUMN id
SET DEFAULT nextval(
    'public.users_id_seq'::regclass
);

--
-- TOC entry 5072 (class 0 OID 53512)
-- Dependencies: 235
-- Data for Name: blacklisted_tokens; Type: TABLE DATA; Schema: public; Owner: postgres
--


COPY public.blacklisted_tokens (id, blacklisted_at, expires_at, reason, token, username) FROM stdin;
\.

--
-- TOC entry 5055 (class 0 OID 53407)
-- Dependencies: 218
-- Data for Name: cart_items; Type: TABLE DATA; Schema: public; Owner: postgres
--


COPY public.cart_items (id, cart_id, price, product_id, nalichie, vozvrat, quantity) FROM stdin;
462	120	175.5	76	unknown	\N	1
463	120	185.5	140	unknown	\N	1
464	120	185.5	140	unknown	\N	1
465	120	325.5	116	unknown	\N	1
466	120	325.5	116	unknown	\N	1
467	120	325.5	116	unknown	\N	1
468	121	175.5	76	unknown	\N	1
469	121	185.5	140	unknown	\N	1
470	121	185.5	140	unknown	\N	1
471	121	325.5	116	unknown	\N	1
472	121	325.5	116	unknown	\N	1
473	121	325.5	116	unknown	\N	1
474	122	175.5	76	unknown	\N	1
475	122	185.5	140	unknown	\N	1
476	122	185.5	140	unknown	\N	1
477	122	325.5	116	unknown	\N	1
478	122	325.5	116	unknown	\N	1
479	122	325.5	116	unknown	\N	1
480	123	175.5	76	unknown	\N	1
481	123	145.8	2	unknown	\N	1
482	123	145.8	2	unknown	\N	1
483	123	145.8	2	unknown	\N	1
484	123	325.5	116	unknown	\N	1
485	123	325.5	116	unknown	\N	1
486	123	325.5	116	unknown	\N	1
487	123	325.5	116	unknown	\N	1
488	124	175.5	76	unknown	\N	1
489	124	185.5	140	unknown	\N	1
490	124	325.5	116	unknown	\N	1
491	125	175.5	76	unknown	\N	1
492	125	185.5	140	unknown	\N	1
493	125	325.5	116	unknown	\N	1
494	126	175.5	76	unknown	\N	1
495	126	185.5	140	unknown	\N	1
496	126	325.5	116	unknown	\N	1
497	127	175.5	76	unknown	\N	1
498	127	185.5	140	unknown	\N	1
499	127	325.5	116	unknown	\N	1
500	128	175.5	76	unknown	\N	1
501	128	185.5	140	unknown	\N	1
502	128	325.5	116	unknown	\N	1
503	129	325.5	116	unknown	\N	1
504	129	145.8	2	unknown	\N	1
505	129	175.5	76	unknown	\N	1
506	130	175.5	76	unknown	\N	1
507	130	325.5	116	unknown	\N	1
508	130	145.8	2	unknown	\N	1
509	131	175.5	76	unknown	\N	1
510	131	325.5	116	unknown	\N	1
511	131	145.8	2	unknown	\N	1
512	132	175.5	76	unknown	\N	1
513	132	325.5	116	unknown	\N	1
514	132	145.8	2	unknown	\N	1
515	133	175.5	76	unknown	\N	1
516	133	325.5	116	unknown	\N	1
517	133	145.8	2	unknown	\N	1
518	134	185.5	140	unknown	\N	1
519	135	175.5	76	unknown	\N	1
520	135	185.5	140	unknown	\N	1
521	135	325.5	116	unknown	\N	1
522	135	145.8	2	unknown	\N	1
523	135	145.8	2	unknown	\N	1
524	136	175.5	76	unknown	\N	1
525	136	185.5	140	unknown	\N	1
526	136	325.5	116	unknown	\N	1
527	136	145.8	2	unknown	\N	1
528	136	145.8	2	unknown	\N	1
529	137	175.5	76	unknown	\N	1
530	137	185.5	140	unknown	\N	1
531	137	325.5	116	unknown	\N	1
532	137	145.8	2	unknown	\N	1
533	137	145.8	2	unknown	\N	1
534	138	175.5	76	unknown	\N	1
535	138	185.5	140	unknown	\N	1
536	138	325.5	116	unknown	\N	1
537	138	145.8	2	unknown	\N	1
538	139	175.5	76	unknown	\N	1
539	139	185.5	140	unknown	\N	1
540	139	325.5	116	unknown	\N	1
541	139	145.8	2	unknown	\N	1
542	140	175.5	76	unknown	\N	1
543	140	185.5	140	unknown	\N	1
544	140	325.5	116	unknown	\N	1
545	140	145.8	2	unknown	\N	1
546	141	175.5	76	unknown	\N	1
547	141	185.5	140	unknown	\N	1
548	141	325.5	116	unknown	\N	1
549	141	145.8	2	unknown	\N	1
550	142	175.5	76	unknown	\N	1
551	142	185.5	140	unknown	\N	1
552	142	325.5	116	unknown	\N	1
553	142	145.8	2	unknown	\N	1
554	143	175.5	76	unknown	\N	1
555	143	185.5	140	unknown	\N	1
556	143	325.5	116	unknown	\N	1
557	143	145.8	2	unknown	\N	1
558	144	175.5	76	unknown	\N	1
559	144	185.5	140	unknown	\N	1
560	144	325.5	116	unknown	\N	1
561	144	145.8	2	unknown	\N	1
562	145	175.5	76	unknown	\N	1
563	145	185.5	140	unknown	\N	1
564	145	325.5	116	unknown	\N	1
565	145	145.8	2	unknown	\N	1
566	146	175.5	76	unknown	\N	1
567	146	185.5	140	unknown	\N	1
568	146	325.5	116	unknown	\N	1
569	146	145.8	2	unknown	\N	1
570	147	175.5	76	unknown	\N	1
571	147	185.5	140	unknown	\N	1
572	147	325.5	116	unknown	\N	1
573	147	145.8	2	unknown	\N	1
574	148	175.5	76	unknown	\N	1
575	148	185.5	140	unknown	\N	1
576	148	325.5	116	unknown	\N	1
577	148	145.8	2	unknown	\N	1
578	149	175.5	76	unknown	\N	1
579	150	55.5	42	unknown	\N	1
580	151	55.5	42	unknown	\N	1
581	152	175.5	76	unknown	\N	1
582	153	185.5	140	unknown	\N	1
583	154	185.5	140	unknown	\N	1
584	155	185.5	140	unknown	\N	1
585	156	55.5	42	unknown	\N	1
586	157	325.5	116	unknown	\N	1
587	157	145.8	2	unknown	\N	1
588	157	185.5	140	unknown	\N	1
589	157	185.5	140	unknown	\N	1
590	158	55.5	42	unknown	\N	1
592	160	185.5	140	unknown	\N	1
593	161	185.5	140	unknown	\N	1
594	162	185.5	140	unknown	\N	1
595	162	185.5	140	unknown	\N	1
596	163	185.5	140	unknown	\N	1
597	164	175.5	76	unknown	\N	1
598	164	185.5	140	unknown	\N	1
599	164	325.5	116	unknown	\N	1
600	165	185.5	140	unknown	\N	1
601	165	325.5	116	unknown	\N	1
602	165	145.8	2	unknown	\N	1
603	166	175.5	76	unknown	\N	1
604	166	185.5	140	unknown	\N	1
605	166	325.5	116	unknown	\N	1
606	167	175.5	76	unknown	\N	1
607	167	185.5	140	unknown	\N	1
608	167	325.5	116	unknown	\N	1
610	169	55.5	42	unknown	\N	1
611	169	89.5	92	unknown	\N	1
658	205	55.5	42	unknown	\N	1
659	206	55.5	42	unknown	\N	1
612	170	55.5	42	есть	tcc	1
660	207	55.5	42	unknown	\N	1
661	208	55.5	42	unknown	\N	1
662	209	55.5	42	unknown	\N	1
613	170	89.5	92	refunded	tcc	1
614	170	89.5	92	нет	tcc	1
663	210	55.5	42	unknown	\N	1
664	211	55.5	42	unknown	\N	1
616	171	48.5	18	нет	tcc	1
617	171	89.9	3	есть	tcc	1
665	212	185.5	140	unknown	\N	1
666	213	55.5	42	unknown	\N	1
615	171	55.5	42	refunded	tcc	1
667	214	55.5	42	unknown	\N	1
668	215	55.5	42	unknown	\N	1
618	172	55.5	42	нет	tcc	1
669	216	55.5	42	unknown	\N	1
670	217	55.5	42	unknown	\N	1
671	218	325.5	116	unknown	\N	1
672	219	55.5	42	unknown	\N	1
673	220	55.5	42	unknown	\N	1
674	221	55.5	42	unknown	\N	1
622	175	89.9	3	есть	tcc	1
675	222	55.5	42	unknown	\N	1
676	223	55.5	42	unknown	\N	1
678	225	325.5	116	unknown	\N	1
679	225	325.5	116	unknown	\N	1
625	177	55.5	42	unknown	\N	1
680	225	325.5	116	unknown	\N	1
681	225	325.5	116	unknown	\N	1
609	168	175.5	76	нет	tcc	1
619	173	55.5	42	нет	tcc	1
620	174	55.5	42	нет	tcc	1
621	175	55.5	42	нет	tcc	1
623	175	145.8	61	refunded	tcc	1
624	176	35.9	26	нет	tcc	1
682	225	325.5	116	unknown	\N	1
591	159	175.5	76	нет	tcc	1
683	225	325.5	116	unknown	\N	1
684	225	325.5	116	unknown	\N	1
627	179	55.5	42	нет	tcc	1
685	225	325.5	116	unknown	\N	1
686	225	325.5	116	unknown	\N	1
687	225	325.5	116	unknown	\N	1
688	225	325.5	116	unknown	\N	1
628	180	55.5	42	нет	tcc	1
629	180	48.5	18	нет	tcc	1
689	225	325.5	116	unknown	\N	1
690	225	325.5	116	unknown	\N	1
626	178	55.5	42	нет	tcc	1
691	225	325.5	116	unknown	\N	1
692	225	325.5	116	unknown	\N	1
630	181	55.5	42	нет	tcc	1
631	182	175.5	76	есть	tcc	1
632	183	175.5	76	unknown	\N	1
633	183	185.5	140	unknown	\N	1
634	184	175.5	76	unknown	\N	1
635	184	185.5	140	unknown	\N	1
636	184	325.5	116	unknown	\N	1
637	185	185.5	140	unknown	\N	1
638	185	325.5	116	unknown	\N	1
639	186	55.5	42	unknown	\N	1
640	187	55.5	42	unknown	\N	1
641	188	185.5	140	unknown	\N	1
642	189	185.5	140	unknown	\N	1
643	190	325.5	116	unknown	\N	1
644	191	185.5	140	unknown	\N	1
645	192	185.5	140	unknown	\N	1
646	193	185.5	140	unknown	\N	1
647	194	185.5	140	unknown	\N	1
648	195	185.5	140	unknown	\N	1
649	196	185.5	140	unknown	\N	1
650	197	325.5	116	unknown	\N	1
651	198	185.5	140	unknown	\N	1
652	199	325.5	116	unknown	\N	1
653	200	325.5	116	unknown	\N	1
654	201	325.5	116	unknown	\N	1
655	202	325.5	116	unknown	\N	1
656	203	55.5	42	unknown	\N	1
657	204	55.5	42	unknown	\N	1
693	225	325.5	116	unknown	\N	1
694	225	325.5	116	unknown	\N	1
695	225	325.5	116	unknown	\N	1
696	225	325.5	116	unknown	\N	1
697	226	55.5	42	unknown	\N	1
698	227	55.5	42	unknown	\N	1
699	228	55.5	42	unknown	\N	1
700	228	175.5	76	unknown	\N	1
701	228	185.5	140	unknown	\N	1
702	228	325.5	116	unknown	\N	1
703	229	185.5	140	unknown	\N	1
704	230	175.5	76	unknown	\N	1
705	230	175.5	76	unknown	\N	1
706	231	175.5	76	unknown	\N	1
707	231	175.5	76	unknown	\N	1
708	232	55.5	42	unknown	\N	1
709	232	55.5	42	unknown	\N	1
710	232	175.5	76	unknown	\N	1
711	232	185.5	140	unknown	\N	1
712	232	325.5	116	unknown	\N	1
713	233	185.5	140	unknown	\N	1
714	233	325.5	116	unknown	\N	1
715	234	175.5	76	unknown	\N	1
716	235	175.5	76	unknown	\N	1
717	236	175.5	76	unknown	\N	1
718	237	185.5	140	unknown	\N	1
719	238	185.5	140	unknown	\N	1
720	239	325.5	116	unknown	\N	1
721	239	325.5	116	unknown	\N	1
722	239	325.5	116	unknown	\N	1
723	239	325.5	116	unknown	\N	1
724	239	325.5	116	unknown	\N	1
725	239	325.5	116	unknown	\N	1
726	239	325.5	116	unknown	\N	1
727	239	325.5	116	unknown	\N	1
728	239	325.5	116	unknown	\N	1
729	239	325.5	116	unknown	\N	1
730	239	325.5	116	unknown	\N	1
731	239	325.5	116	unknown	\N	1
732	239	325.5	116	unknown	\N	1
733	239	325.5	116	unknown	\N	1
734	239	325.5	116	unknown	\N	1
735	239	325.5	116	unknown	\N	1
736	239	325.5	116	unknown	\N	1
737	239	325.5	116	unknown	\N	1
738	239	325.5	116	unknown	\N	1
739	239	325.5	116	unknown	\N	1
740	239	325.5	116	unknown	\N	1
741	239	325.5	116	unknown	\N	1
742	239	325.5	116	unknown	\N	1
743	239	325.5	116	unknown	\N	1
744	239	325.5	116	unknown	\N	1
745	239	325.5	116	unknown	\N	1
746	239	325.5	116	unknown	\N	1
747	239	325.5	116	unknown	\N	1
\.

--
-- TOC entry 5057 (class 0 OID 53413)
-- Dependencies: 220
-- Data for Name: carts; Type: TABLE DATA; Schema: public; Owner: postgres
--


COPY public.carts (id, client_id, created_date, status) FROM stdin;
120	27	2026-02-16 02:02:52.963068	pending
121	27	2026-02-16 02:03:01.439803	pending
122	27	2026-02-16 02:03:05.771882	pending
142	27	2026-02-16 02:51:35.462764	processing
123	27	2026-02-16 02:03:32.906262	processing
166	28	2026-02-16 17:28:49.249991	pending
124	27	2026-02-16 02:10:14.97277	pending
125	27	2026-02-16 02:10:32.597023	pending
143	27	2026-02-16 02:56:20.442285	processing
126	27	2026-02-16 02:10:41.928754	pending
167	28	2026-02-16 17:28:52.725281	pending
128	27	2026-02-16 02:10:57.842807	pending
144	27	2026-02-16 03:00:32.185633	processing
129	27	2026-02-16 02:11:12.10305	processing
145	27	2026-02-16 03:48:36.850033	pending
130	27	2026-02-16 02:11:44.693811	processing
212	30	2026-02-19 09:00:00.408109	processing
146	22	2026-02-16 03:48:52.44016	pending
132	27	2026-02-16 02:18:11.421986	processing
147	22	2026-02-16 03:58:59.923455	pending
133	27	2026-02-16 02:22:31.005001	processing
131	27	2026-02-16 02:12:47.038361	processing
127	27	2026-02-16 02:10:50.318665	processing
198	30	2026-02-19 08:20:53.974978	processing
134	27	2026-02-16 02:25:13.039975	processing
148	22	2026-02-16 03:59:49.120618	pending
135	22	2026-02-16 02:36:55.874178	pending
136	22	2026-02-16 02:39:29.094675	pending
179	28	2026-02-19 05:14:54.864957	processing
137	22	2026-02-16 02:39:55.797304	processing
149	22	2026-02-16 04:00:36.121032	processing
138	28	2026-02-16 02:40:20.450609	pending
139	28	2026-02-16 02:46:25.528486	pending
169	27	2026-02-19 02:22:50.935791	pending
140	22	2026-02-16 02:47:30.757352	pending
150	22	2026-02-16 04:09:01.40486	processing
141	22	2026-02-16 02:49:32.372728	processing
180	28	2026-02-19 05:16:36.528628	processing
151	22	2026-02-16 04:18:42.721044	processing
152	30	2026-02-16 04:20:39.91668	pending
178	28	2026-02-19 04:53:09.215167	processing
153	29	2026-02-16 04:26:47.747785	processing
199	30	2026-02-19 08:23:24.101274	pending
170	27	2026-02-19 02:22:56.353531	tc
154	29	2026-02-16 04:55:59.612039	processing
155	29	2026-02-16 05:00:44.398711	processing
222	22	2026-02-19 09:24:16.438316	pending
213	30	2026-02-19 09:03:21.421383	processing
156	29	2026-02-16 05:07:52.387474	processing
181	22	2026-02-19 05:41:38.068827	processing
157	22	2026-02-16 17:16:32.217573	pending
200	30	2026-02-19 08:28:43.755249	processing
158	22	2026-02-16 17:17:42.056676	processing
171	27	2026-02-19 02:34:46.09466	tc
160	27	2026-02-16 17:24:34.06619	pending
182	22	2026-02-19 05:52:28.228234	completed
161	22	2026-02-16 17:25:37.718926	pending
162	22	2026-02-16 17:25:41.397902	pending
201	30	2026-02-19 08:29:00.5301	pending
163	28	2026-02-16 17:26:30.828447	pending
172	27	2026-02-19 02:44:28.64567	processing
164	28	2026-02-16 17:27:47.717869	pending
165	28	2026-02-16 17:28:13.631147	pending
183	22	2026-02-19 06:52:19.90608	pending
184	22	2026-02-19 07:30:43.153834	pending
173	27	2026-02-19 02:47:10.751176	processing
185	22	2026-02-19 07:30:57.605808	pending
174	27	2026-02-19 02:52:43.804313	processing
202	30	2026-02-19 08:39:36.222923	pending
186	22	2026-02-19 07:42:04.281863	pending
187	22	2026-02-19 07:43:49.344869	pending
175	27	2026-02-19 02:54:26.5813	tc
214	30	2026-02-19 09:03:59.496148	pending
188	22	2026-02-19 07:45:48.560474	pending
203	30	2026-02-19 08:41:46.963714	pending
176	27	2026-02-19 03:00:54.149835	processing
189	22	2026-02-19 07:49:18.838866	pending
177	28	2026-02-19 03:03:46.907254	processing
168	22	2026-02-19 02:22:30.443779	processing
190	22	2026-02-19 07:52:24.578539	pending
229	22	2026-02-19 09:33:22.7379	processing
159	27	2026-02-16 17:18:58.032082	processing
191	22	2026-02-19 08:03:44.14697	pending
204	30	2026-02-19 08:41:54.588474	processing
192	22	2026-02-19 08:06:52.563908	pending
193	22	2026-02-19 08:06:56.862011	pending
205	30	2026-02-19 08:42:32.907941	pending
194	22	2026-02-19 08:07:20.64558	pending
195	30	2026-02-19 08:07:33.666475	pending
215	30	2026-02-19 09:07:22.15279	processing
206	30	2026-02-19 08:45:22.91613	pending
196	30	2026-02-19 08:11:30.204653	processing
197	30	2026-02-19 08:15:09.697988	processing
207	30	2026-02-19 08:52:12.968396	pending
223	22	2026-02-19 09:24:33.563186	processing
208	30	2026-02-19 08:52:26.834039	pending
209	30	2026-02-19 08:52:29.318248	pending
216	30	2026-02-19 09:07:39.699467	processing
210	30	2026-02-19 08:52:31.975664	pending
233	22	2026-02-19 09:42:19.795467	processing
211	30	2026-02-19 08:58:46.60623	processing
217	30	2026-02-19 09:08:00.515827	processing
230	22	2026-02-19 09:39:20.508082	pending
218	30	2026-02-19 09:15:59.68158	pending
225	22	2026-02-19 09:26:41.362549	pending
219	22	2026-02-19 09:16:22.538916	pending
220	22	2026-02-19 09:23:01.248832	pending
221	22	2026-02-19 09:24:09.556768	pending
226	22	2026-02-19 09:28:19.502215	pending
227	22	2026-02-19 09:33:04.423343	pending
239	22	2026-02-19 09:59:36.30184	pending
228	22	2026-02-19 09:33:10.432839	pending
236	22	2026-02-19 09:52:43.688458	processing
231	22	2026-02-19 09:39:24.099542	processing
234	22	2026-02-19 09:47:43.895716	processing
232	22	2026-02-19 09:41:54.520194	processing
238	22	2026-02-19 09:53:37.676654	processing
235	22	2026-02-19 09:47:52.929657	processing
237	22	2026-02-19 09:52:49.218245	processing
\.

--
-- TOC entry 5059 (class 0 OID 53419)
-- Dependencies: 222
-- Data for Name: collector_tasks; Type: TABLE DATA; Schema: public; Owner: postgres
--


COPY public.collector_tasks (id, client_id, collector_id, comments, completed_date, created_date, location, order_id, priority, problem_type, product_id, product_name, quantity, started_date, status, task_id, task_type) FROM stdin;
\.

--
-- TOC entry 5061 (class 0 OID 53428)
-- Dependencies: 224
-- Data for Name: collectors; Type: TABLE DATA; Schema: public; Owner: postgres
--


COPY public.collectors (id, collector_id, created_date, current_location, last_activity, name, status) FROM stdin;
\.

--
-- TOC entry 5067 (class 0 OID 53485)
-- Dependencies: 230
-- Data for Name: compensation_logs; Type: TABLE DATA; Schema: public; Owner: postgres
--


COPY public.compensation_logs (id, compensated_items, compensation_data, compensation_type, completed_at, created_at, duration_ms, error_message, reason, retry_count, saga_step_id, started_at, status, transaction_id) FROM stdin;
\.

--
-- TOC entry 5063 (class 0 OID 53441)
-- Dependencies: 226
-- Data for Name: deliveries; Type: TABLE DATA; Schema: public; Owner: postgres
--


COPY public.deliveries (id, actual_delivery_time, assigned_courier_id, client_id, created_at, delivery_address, delivery_phone, delivery_status, estimated_delivery_time, order_id, updated_at) FROM stdin;
\.

--
-- TOC entry 5080 (class 0 OID 53598)
-- Dependencies: 243
-- Data for Name: office_problems; Type: TABLE DATA; Schema: public; Owner: postgres
--


COPY public.office_problems (id, assigned_to, client_decision, client_email_sent, client_id, client_responded_at, collector_id, created_at, details, notified_at, office_action, order_id, priority, problem_type, product_id, resolved_at, status, updated_at) FROM stdin;
1	\N	\N	f	22	\N	COLLECTOR_1	2026-01-21 08:47:04.665201	Баклажаны, отсутствует на складе	\N	\N	8	\N	MISSING_PRODUCT	61	\N	PENDING	2026-01-21 08:47:04.665201
2	\N	\N	f	22	\N	COLLECTOR_1	2026-01-21 08:48:30.788298	Авокадо, отсутствует на складе	\N	\N	7	\N	MISSING_PRODUCT	140	\N	PENDING	2026-01-21 08:48:30.788298
3	\N	\N	f	22	\N	COLLECTOR_1	2026-01-21 08:52:58.39034	Вафли с кремом, отсутствует на складе	\N	\N	9	\N	MISSING_PRODUCT	130	\N	PENDING	2026-01-21 08:52:58.39034
4	\N	\N	f	27	\N	COLLECTOR_1	2026-01-21 08:53:42.964713	Баклажаны, отсутствует на складе	\N	\N	10	\N	MISSING_PRODUCT	61	\N	PENDING	2026-01-21 08:53:42.964713
5	\N	\N	f	27	\N	COLLECTOR_1	2026-01-21 22:15:49.648449	Бананы Эквадор, отсутствует на складе	\N	\N	14	\N	MISSING_PRODUCT	3	\N	PENDING	2026-01-21 22:15:49.648449
6	\N	\N	\N	22	\N	collector	2026-02-06 16:20:27.401775	Баклажаны (необходимо: 1 шт.)	\N	\N	16	\N	MISSING_PRODUCT	61	\N	PENDING	\N
7	\N	\N	\N	22	\N	collector	2026-02-06 16:51:34.721953	Багель с кунжутом (необходимо: 2 шт.)	\N	\N	17	\N	MISSING_PRODUCT	42	\N	PENDING	\N
8	\N	\N	\N	22	\N	collector	2026-02-06 17:21:47.138897	Ананас (необходимо: 1 шт.)	\N	\N	18	\N	MISSING_PRODUCT	116	\N	PENDING	\N
9	\N	\N	\N	22	\N	collector	2026-02-12 12:04:27.954197	Авокадо (необходимо: 1 шт.)	\N	\N	35	\N	MISSING_PRODUCT	140	\N	PENDING	\N
10	\N	\N	\N	22	\N	collector	2026-02-12 14:29:25.733949	Авокадо (необходимо: 1 шт.)	\N	\N	37	\N	MISSING_PRODUCT	140	\N	PENDING	\N
11	\N	\N	\N	27	\N	collector	2026-02-19 02:26:59.439799	Арбуз (необходимо: 1 шт.)	\N	\N	170	\N	MISSING_PRODUCT	92	\N	PENDING	\N
12	\N	\N	\N	27	\N	collector	2026-02-19 02:36:08.803253	Батон нарезной (необходимо: 1 шт.)	\N	\N	171	\N	MISSING_PRODUCT	18	\N	PENDING	\N
13	\N	\N	\N	27	\N	collector	2026-02-19 02:44:36.70108	Багель с кунжутом (необходимо: 1 шт.)	\N	\N	172	\N	MISSING_PRODUCT	42	\N	PENDING	\N
14	\N	\N	\N	27	\N	collector	2026-02-19 02:47:21.259456	Багель с кунжутом (необходимо: 1 шт.)	\N	\N	173	\N	MISSING_PRODUCT	42	\N	PENDING	\N
15	\N	\N	\N	27	\N	collector	2026-02-19 02:52:56.306905	Багель с кунжутом (необходимо: 1 шт.)	\N	\N	174	\N	MISSING_PRODUCT	42	\N	PENDING	\N
16	\N	\N	\N	27	\N	collector	2026-02-19 02:54:38.982599	Багель с кунжутом (необходимо: 1 шт.)	\N	\N	175	\N	MISSING_PRODUCT	42	\N	PENDING	\N
17	\N	\N	\N	27	\N	collector	2026-02-19 03:01:05.881306	Булка сдобная (необходимо: 1 шт.)	\N	\N	176	\N	MISSING_PRODUCT	26	\N	PENDING	\N
18	\N	\N	\N	22	\N	collector	2026-02-19 03:04:11.598816	Абрикосы (необходимо: 1 шт.)	\N	\N	168	\N	MISSING_PRODUCT	76	\N	PENDING	\N
19	\N	\N	\N	27	\N	collector	2026-02-19 04:53:23.064638	Абрикосы (необходимо: 1 шт.)	\N	\N	159	\N	MISSING_PRODUCT	76	\N	PENDING	\N
20	\N	\N	\N	28	\N	sborshikodin	2026-02-19 05:17:22.181712	Багель с кунжутом (необходимо: 1 шт.)	\N	\N	179	\N	MISSING_PRODUCT	42	\N	PENDING	\N
21	\N	\N	\N	28	\N	sborshikodin	2026-02-19 05:26:43.178673	Батон нарезной (необходимо: 1 шт.)	\N	\N	180	\N	MISSING_PRODUCT	18	\N	PENDING	\N
22	\N	\N	\N	28	\N	sborshikodin	2026-02-19 05:26:43.195764	Багель с кунжутом (необходимо: 1 шт.)	\N	\N	180	\N	MISSING_PRODUCT	42	\N	PENDING	\N
23	\N	\N	\N	28	\N	sborshikodin	2026-02-19 05:38:47.159681	Багель с кунжутом (необходимо: 1 шт.)	\N	\N	178	\N	MISSING_PRODUCT	42	\N	PENDING	\N
24	\N	\N	\N	22	\N	collector	2026-02-19 05:44:16.388826	Багель с кунжутом (необходимо: 1 шт.)	\N	\N	181	\N	MISSING_PRODUCT	42	\N	PENDING	\N
\.

--
-- TOC entry 5078 (class 0 OID 53589)
-- Dependencies: 241
-- Data for Name: orders; Type: TABLE DATA; Schema: public; Owner: postgres
--


COPY public.orders (id, cart_id, created_date, order_number, status, total_amount) FROM stdin;
127	120	2026-02-16 02:02:53.262905	ORD-1771189373261	CREATED	1523.00
128	121	2026-02-16 02:03:01.481866	ORD-1771189381481	CREATED	1523.00
129	122	2026-02-16 02:03:05.838464	ORD-1771189385838	CREATED	1523.00
130	123	2026-02-16 02:03:32.965158	ORD-1771189412965	CREATED	1914.90
131	124	2026-02-16 02:10:14.997354	ORD-1771189814997	CREATED	686.50
132	125	2026-02-16 02:10:32.617558	ORD-1771189832617	CREATED	686.50
133	126	2026-02-16 02:10:41.952848	ORD-1771189841952	CREATED	686.50
134	127	2026-02-16 02:10:50.348306	ORD-1771189850348	CREATED	686.50
135	128	2026-02-16 02:10:57.872918	ORD-1771189857872	CREATED	686.50
136	129	2026-02-16 02:11:12.129077	ORD-1771189872129	CREATED	646.80
137	130	2026-02-16 02:11:44.726592	ORD-1771189904726	CREATED	646.80
138	131	2026-02-16 02:12:47.074904	ORD-1771189967074	CREATED	646.80
139	132	2026-02-16 02:18:11.462053	ORD-1771190291462	CREATED	646.80
140	133	2026-02-16 02:22:31.02803	ORD-1771190551028	CREATED	646.80
141	134	2026-02-16 02:25:13.068232	ORD-1771190713068	CREATED	185.50
142	135	2026-02-16 02:36:56.110139	ORD-1771191416110	CREATED	978.10
143	136	2026-02-16 02:39:29.342082	ORD-1771191569342	CREATED	978.10
144	137	2026-02-16 02:39:55.860494	ORD-1771191595860	CREATED	978.10
145	138	2026-02-16 02:40:20.50457	ORD-1771191620504	CREATED	832.30
146	139	2026-02-16 02:46:25.748292	ORD-1771191985747	CREATED	832.30
147	140	2026-02-16 02:47:30.816319	ORD-1771192050816	CREATED	832.30
148	141	2026-02-16 02:49:32.433692	ORD-1771192172433	CREATED	832.30
149	142	2026-02-16 02:51:35.554347	ORD-1771192295554	CREATED	832.30
150	143	2026-02-16 02:56:20.716185	ORD-1771192580716	CREATED	832.30
151	144	2026-02-16 03:00:32.459514	ORD-1771192832459	CREATED	832.30
152	145	2026-02-16 03:48:36.937425	ORD-1771195716937	CREATED	832.30
153	146	2026-02-16 03:48:52.476267	ORD-1771195732476	CREATED	832.30
154	147	2026-02-16 03:58:59.981874	ORD-1771196339981	CREATED	832.30
155	148	2026-02-16 03:59:49.188648	ORD-1771196389188	CREATED	832.30
156	149	2026-02-16 04:00:36.160095	ORD-1771196436160	CREATED	175.50
157	150	2026-02-16 04:09:01.428899	ORD-1771196941428	CREATED	55.50
158	151	2026-02-16 04:18:42.758206	ORD-1771197522758	CREATED	55.50
159	152	2026-02-16 04:20:39.937708	ORD-1771197639937	CREATED	175.50
160	153	2026-02-16 04:26:47.785291	ORD-1771198007785	CREATED	185.50
161	154	2026-02-16 04:55:59.634588	ORD-1771199759634	CREATED	185.50
162	155	2026-02-16 05:00:44.416745	ORD-1771200044416	CREATED	185.50
163	156	2026-02-16 05:07:52.65642	ORD-1771200472656	CREATED	55.50
164	157	2026-02-16 17:16:32.486687	ORD-1771244192485	CREATED	842.30
165	158	2026-02-16 17:17:42.088729	ORD-1771244262088	CREATED	55.50
166	159	2026-02-16 17:18:58.065119	ORD-1771244338065	CREATED	175.50
167	160	2026-02-16 17:24:34.082627	ORD-1771244674082	CREATED	185.50
168	161	2026-02-16 17:25:37.750284	ORD-1771244737750	CREATED	185.50
169	162	2026-02-16 17:25:41.436856	ORD-1771244741436	CREATED	371.00
170	163	2026-02-16 17:26:30.844485	ORD-1771244790844	CREATED	185.50
171	164	2026-02-16 17:27:47.752222	ORD-1771244867752	CREATED	686.50
172	165	2026-02-16 17:28:13.664255	ORD-1771244893664	CREATED	656.80
173	166	2026-02-16 17:28:49.301259	ORD-1771244929301	CREATED	686.50
174	167	2026-02-16 17:28:52.76009	ORD-1771244932760	CREATED	686.50
175	168	2026-02-19 02:22:30.680418	ORD-1771449750680	CREATED	175.50
176	169	2026-02-19 02:22:50.960854	ORD-1771449770960	CREATED	145.00
177	170	2026-02-19 02:22:56.380553	ORD-1771449776379	CREATED	234.50
178	171	2026-02-19 02:34:46.396743	ORD-1771450486395	CREATED	193.90
179	172	2026-02-19 02:44:28.667213	ORD-1771451068667	CREATED	55.50
180	173	2026-02-19 02:47:10.897713	ORD-1771451230896	CREATED	55.50
181	174	2026-02-19 02:52:44.024393	ORD-1771451564024	CREATED	55.50
182	175	2026-02-19 02:54:26.629225	ORD-1771451666629	CREATED	291.20
183	176	2026-02-19 03:00:54.386903	ORD-1771452054386	CREATED	35.90
184	177	2026-02-19 03:03:47.149271	ORD-1771452227148	CREATED	55.50
185	178	2026-02-19 04:53:09.422613	ORD-1771458789421	CREATED	55.50
186	179	2026-02-19 05:14:54.905512	ORD-1771460094905	CREATED	55.50
187	180	2026-02-19 05:16:36.682331	ORD-1771460196681	CREATED	104.00
188	181	2026-02-19 05:41:38.218905	ORD-1771461698218	CREATED	55.50
189	182	2026-02-19 05:52:28.260697	ORD-1771462348260	CREATED	175.50
190	183	2026-02-19 06:52:19.983509	ORD-1771465939983	CREATED	361.00
191	184	2026-02-19 07:30:43.355128	ORD-1771468243355	CREATED	686.50
192	185	2026-02-19 07:30:57.645303	ORD-1771468257645	CREATED	511.00
193	186	2026-02-19 07:42:04.462812	ORD-1771468924461	CREATED	55.50
194	187	2026-02-19 07:43:49.384611	ORD-1771469029384	CREATED	55.50
195	188	2026-02-19 07:45:48.741638	ORD-1771469148741	CREATED	185.50
196	189	2026-02-19 07:49:18.867432	ORD-1771469358867	CREATED	185.50
197	190	2026-02-19 07:52:24.804236	ORD-1771469544803	CREATED	325.50
198	191	2026-02-19 08:03:44.331034	ORD-1771470224330	CREATED	185.50
199	192	2026-02-19 08:06:52.759035	ORD-1771470412758	CREATED	185.50
200	193	2026-02-19 08:06:56.895716	ORD-1771470416895	CREATED	185.50
201	194	2026-02-19 08:07:20.67628	ORD-1771470440676	CREATED	185.50
202	195	2026-02-19 08:07:33.701268	ORD-1771470453701	CREATED	185.50
203	196	2026-02-19 08:11:30.388501	ORD-1771470690387	CREATED	185.50
204	197	2026-02-19 08:15:09.715014	ORD-1771470909714	CREATED	325.50
205	198	2026-02-19 08:20:53.996521	ORD-1771471253996	CREATED	185.50
206	199	2026-02-19 08:23:24.133351	ORD-1771471404133	CREATED	325.50
207	200	2026-02-19 08:28:43.775271	ORD-1771471723775	CREATED	325.50
208	201	2026-02-19 08:29:00.559051	ORD-1771471740559	CREATED	325.50
209	202	2026-02-19 08:39:36.241946	ORD-1771472376241	CREATED	325.50
210	203	2026-02-19 08:41:47.144927	ORD-1771472507144	CREATED	55.50
211	204	2026-02-19 08:41:54.619137	ORD-1771472514619	CREATED	55.50
212	205	2026-02-19 08:42:32.940946	ORD-1771472552940	CREATED	55.50
213	206	2026-02-19 08:45:22.947694	ORD-1771472722947	CREATED	55.50
214	207	2026-02-19 08:52:13.009212	ORD-1771473133009	CREATED	55.50
215	208	2026-02-19 08:52:26.863473	ORD-1771473146863	CREATED	55.50
216	209	2026-02-19 08:52:29.346493	ORD-1771473149346	CREATED	55.50
217	210	2026-02-19 08:52:32.005018	ORD-1771473152005	CREATED	55.50
218	211	2026-02-19 08:58:46.830142	ORD-1771473526829	CREATED	55.50
219	212	2026-02-19 09:00:00.439719	ORD-1771473600439	CREATED	185.50
220	213	2026-02-19 09:03:21.610747	ORD-1771473801609	CREATED	55.50
221	214	2026-02-19 09:03:59.518788	ORD-1771473839518	CREATED	55.50
222	215	2026-02-19 09:07:22.183851	ORD-1771474042183	CREATED	55.50
223	216	2026-02-19 09:07:39.729568	ORD-1771474059729	CREATED	55.50
224	217	2026-02-19 09:08:00.547686	ORD-1771474080547	CREATED	55.50
225	218	2026-02-19 09:15:59.698414	ORD-1771474559698	CREATED	325.50
226	219	2026-02-19 09:16:22.571741	ORD-1771474582571	CREATED	55.50
227	220	2026-02-19 09:23:01.26487	ORD-1771474981264	CREATED	55.50
228	221	2026-02-19 09:24:09.579503	ORD-1771475049579	CREATED	55.50
229	222	2026-02-19 09:24:16.464424	ORD-1771475056464	CREATED	55.50
230	223	2026-02-19 09:24:33.590174	ORD-1771475073590	CREATED	55.50
231	224	2026-02-19 09:26:18.310787	ORD-1771475178310	CREATED	55.50
232	225	2026-02-19 09:26:41.437373	ORD-1771475201437	CREATED	6184.50
233	226	2026-02-19 09:28:19.525838	ORD-1771475299524	CREATED	55.50
234	227	2026-02-19 09:33:04.455406	ORD-1771475584455	CREATED	55.50
235	228	2026-02-19 09:33:10.455892	ORD-1771475590455	CREATED	742.00
236	229	2026-02-19 09:33:22.762835	ORD-1771475602762	CREATED	185.50
237	230	2026-02-19 09:39:20.534264	ORD-1771475960534	CREATED	351.00
238	231	2026-02-19 09:39:24.123762	ORD-1771475964123	CREATED	351.00
239	232	2026-02-19 09:41:54.539272	ORD-1771476114539	CREATED	797.50
240	233	2026-02-19 09:42:19.816522	ORD-1771476139816	CREATED	511.00
241	234	2026-02-19 09:47:43.918817	ORD-1771476463918	CREATED	175.50
242	235	2026-02-19 09:47:52.951108	ORD-1771476472951	CREATED	175.50
243	236	2026-02-19 09:52:43.943465	ORD-1771476763943	CREATED	175.50
244	237	2026-02-19 09:52:49.251126	ORD-1771476769251	CREATED	185.50
245	238	2026-02-19 09:53:37.690677	ORD-1771476817690	CREATED	185.50
246	239	2026-02-19 09:59:36.427434	ORD-1771477176427	CREATED	9114.00
\.

--
-- TOC entry 5089 (class 0 OID 64820)
-- Dependencies: 252
-- Data for Name: pay_back; Type: TABLE DATA; Schema: public; Owner: postgres
--


COPY public.pay_back (id, cart_id, created_date, data_tc, price, status, user_id) FROM stdin;
250	168	2026-02-19 02:22:30.443779	2026-02-19 04:38:53.795362	175.50	completed	22
251	173	2026-02-19 02:47:10.751176	2026-02-19 04:38:53.795362	55.50	completed	27
252	174	2026-02-19 02:52:43.804313	2026-02-19 04:38:53.795362	55.50	completed	27
253	175	2026-02-19 02:54:26.5813	2026-02-19 04:38:53.795362	55.50	completed	27
254	175	2026-02-19 02:54:26.5813	2026-02-19 04:38:53.795362	145.80	completed	27
255	176	2026-02-19 03:00:54.149835	2026-02-19 04:38:53.795362	35.90	completed	27
256	159	2026-02-16 17:18:58.032082	2026-02-19 04:53:54.414146	175.50	completed	27
257	179	2026-02-19 05:14:54.864957	2026-02-19 05:25:16.617147	55.50	completed	28
258	180	2026-02-19 05:16:36.528628	2026-02-19 05:27:01.831176	55.50	completed	28
259	180	2026-02-19 05:16:36.528628	2026-02-19 05:27:01.831176	48.50	completed	28
260	178	2026-02-19 04:53:09.215167	2026-02-19 05:39:16.065674	55.50	completed	28
261	181	2026-02-19 05:41:38.068827	2026-02-19 05:45:01.455348	55.50	completed	22
\.

--
-- TOC entry 5085 (class 0 OID 64146)
-- Dependencies: 248
-- Data for Name: payment_accounts; Type: TABLE DATA; Schema: public; Owner: postgres
--


COPY public.payment_accounts (cash, created_at, id, updated_at, user_id, description) FROM stdin;
5134.44	2026-02-19 08:11:54.783462	16	2026-02-19 08:42:15.658757	30	\N
659.18	2026-02-16 17:19:04.077313	13	2026-02-19 04:53:54.422097	27	\N
2186.20	2026-02-16 17:17:07.926671	12	2026-02-19 09:52:49.299683	22	\N
7048.10	2026-02-16 17:14:43.87765	11	2026-02-19 09:53:37.727949	-1	Системный счет
9780.70	2026-02-19 03:03:53.646521	14	2026-02-19 05:39:16.185235	28	\N
\.

--
-- TOC entry 5091 (class 0 OID 65157)
-- Dependencies: 254
-- Data for Name: payment_carts; Type: TABLE DATA; Schema: public; Owner: postgres
--


COPY public.payment_carts (id, balans, cart_number, created_at, "cvv/cvc", id_users, updated_at) FROM stdin;
2	2280.57	4111111111111111	2026-02-19 08:11:54.94465	609	30	2026-02-19 08:11:54.94465
3	6155.85	5555555555554444	2026-02-19 09:23:16.337225	468	22	2026-02-19 09:23:16.337225
\.

--
-- TOC entry 5087 (class 0 OID 64154)
-- Dependencies: 250
-- Data for Name: payment_transactions; Type: TABLE DATA; Schema: public; Owner: postgres
--


COPY public.payment_transactions (amount, balance_after, balance_before, created_date, id, user_id, description, operation_type, order_id, reference_id, status, system_id) FROM stdin;
277.86	277.86	0.00	2026-02-16 17:17:07.927672	28	22	Initial account funding	ACCOUNT_CREATION	\N	\N	COMPLETED	\N
-55.50	222.36	277.86	2026-02-16 17:17:44.577395	29	22	Оплата заказа	WITHDRAWAL	ORD-1771244262088	\N	COMPLETED	-1
1232.98	1232.98	0.00	2026-02-16 17:19:04.078309	30	27	Initial account funding	ACCOUNT_CREATION	\N	\N	COMPLETED	\N
-175.50	1057.48	1232.98	2026-02-16 17:19:45.867778	31	27	Оплата заказа	WITHDRAWAL	ORD-1771244338065	\N	COMPLETED	-1
-175.50	46.86	222.36	2026-02-19 02:22:34.077117	32	22	Оплата заказа	WITHDRAWAL	ORD-1771449750680	\N	COMPLETED	-1
-234.50	822.98	1057.48	2026-02-19 02:22:57.868149	33	27	Оплата заказа	WITHDRAWAL	ORD-1771449776379	\N	COMPLETED	-1
-193.90	629.08	822.98	2026-02-19 02:34:49.977048	34	27	Оплата заказа	WITHDRAWAL	ORD-1771450486395	\N	COMPLETED	-1
-55.50	573.58	629.08	2026-02-19 02:44:29.633278	35	27	Оплата заказа	WITHDRAWAL	ORD-1771451068667	\N	COMPLETED	-1
-55.50	518.08	573.58	2026-02-19 02:47:12.14841	36	27	Оплата заказа	WITHDRAWAL	ORD-1771451230896	\N	COMPLETED	-1
-55.50	462.58	518.08	2026-02-19 02:52:45.44051	37	27	Оплата заказа	WITHDRAWAL	ORD-1771451564024	\N	COMPLETED	-1
-291.20	171.38	462.58	2026-02-19 02:54:27.909966	38	27	Оплата заказа	WITHDRAWAL	ORD-1771451666629	\N	COMPLETED	-1
-35.90	135.48	171.38	2026-02-19 03:00:55.692693	39	27	Оплата заказа	WITHDRAWAL	ORD-1771452054386	\N	COMPLETED	-1
9836.20	9836.20	0.00	2026-02-19 03:03:53.703152	40	28	Initial account funding	ACCOUNT_CREATION	\N	\N	COMPLETED	\N
-55.50	9780.70	9836.20	2026-02-19 03:03:56.053055	41	28	Оплата заказа	WITHDRAWAL	ORD-1771452227148	\N	COMPLETED	-1
175.50	222.36	46.86	2026-02-19 04:38:53.852199	42	22	Возврат средств по заказу #168	PAYBACK	168	\N	COMPLETED	-1
55.50	190.98	135.48	2026-02-19 04:38:53.910779	43	27	Возврат средств по заказу #173	PAYBACK	173	\N	COMPLETED	-1
55.50	246.48	190.98	2026-02-19 04:38:53.919286	44	27	Возврат средств по заказу #174	PAYBACK	174	\N	COMPLETED	-1
55.50	301.98	246.48	2026-02-19 04:38:53.928295	45	27	Возврат средств по заказу #175	PAYBACK	175	\N	COMPLETED	-1
145.80	447.78	301.98	2026-02-19 04:38:53.937645	46	27	Возврат средств по заказу #175	PAYBACK	175	\N	COMPLETED	-1
35.90	483.68	447.78	2026-02-19 04:38:53.945684	47	27	Возврат средств по заказу #176	PAYBACK	176	\N	COMPLETED	-1
-55.50	9725.20	9780.70	2026-02-19 04:53:11.413214	48	28	Оплата заказа	WITHDRAWAL	ORD-1771458789421	\N	COMPLETED	-1
175.50	659.18	483.68	2026-02-19 04:53:54.419582	49	27	Возврат средств по заказу #159	PAYBACK	159	\N	COMPLETED	-1
-55.50	9669.70	9725.20	2026-02-19 05:14:56.397794	50	28	Оплата заказа	WITHDRAWAL	ORD-1771460094905	\N	COMPLETED	-1
-104.00	9565.70	9669.70	2026-02-19 05:16:38.446052	51	28	Оплата заказа	WITHDRAWAL	ORD-1771460196681	\N	COMPLETED	-1
55.50	9621.20	9565.70	2026-02-19 05:25:16.68127	52	28	Возврат средств	REFUND	179	\N	COMPLETED	11
55.50	9676.70	9621.20	2026-02-19 05:27:01.840257	53	28	Возврат средств	REFUND	180	\N	COMPLETED	11
48.50	9725.20	9676.70	2026-02-19 05:27:01.854998	54	28	Возврат средств	REFUND	180	\N	COMPLETED	11
55.50	9780.70	9725.20	2026-02-19 05:39:16.141668	55	28	Возврат средств	REFUND	ORD-1771458789421	\N	COMPLETED	11
-55.50	5499.50	5555.00	2026-02-19 05:41:39.932213	56	22	Оплата заказа	WITHDRAWAL	ORD-1771461698218	\N	COMPLETED	-1
55.50	5555.00	5499.50	2026-02-19 05:45:01.465816	57	22	Возврат средств	REFUND	ORD-1771461698218	\N	COMPLETED	11
-175.50	5379.50	5555.00	2026-02-19 05:52:29.451851	58	22	Оплата заказа	WITHDRAWAL	ORD-1771462348260	\N	COMPLETED	-1
6211.94	6211.94	0.00	2026-02-19 08:11:54.824014	59	30	Initial account funding	ACCOUNT_CREATION	\N	\N	COMPLETED	\N
-185.50	6026.44	6211.94	2026-02-19 08:14:00.136892	60	30	Оплата заказа	WITHDRAWAL	ORD-1771470690387	\N	COMPLETED	-1
-325.50	5700.94	6026.44	2026-02-19 08:18:19.957601	61	30	Оплата заказа	WITHDRAWAL	ORD-1771470909714	\N	COMPLETED	-1
-185.50	5515.44	5700.94	2026-02-19 08:23:18.564461	62	30	Оплата заказа	WITHDRAWAL	ORD-1771471253996	\N	COMPLETED	-1
-325.50	5189.94	5515.44	2026-02-19 08:28:55.523851	63	30	Оплата заказа	WITHDRAWAL	ORD-1771471723775	\N	COMPLETED	-1
-55.50	5134.44	5189.94	2026-02-19 08:42:15.609682	64	30	Оплата заказа	WITHDRAWAL	ORD-1771472514619	\N	COMPLETED	-1
-55.50	2688.07	2743.57	2026-02-19 08:59:18.74397	65	30	Card payment for order	CARD_PAYMENT	ORD-1771473526829	\N	COMPLETED	-1
-185.50	2502.57	2688.07	2026-02-19 09:00:09.959076	66	30	Card payment for order	CARD_PAYMENT	ORD-1771473600439	\N	COMPLETED	-1
-55.50	2447.07	2502.57	2026-02-19 09:03:48.005115	67	30	Card payment for order	CARD_PAYMENT	ORD-1771473801609	\N	COMPLETED	-1
-55.50	2391.57	2447.07	2026-02-19 09:07:33.654246	68	30	Card payment for order	CARD_PAYMENT	ORD-1771474042183	\N	COMPLETED	-1
-55.50	2336.07	2391.57	2026-02-19 09:07:44.79346	69	30	Card payment for order	CARD_PAYMENT	ORD-1771474059729	\N	COMPLETED	-1
-55.50	2280.57	2336.07	2026-02-19 09:15:52.680426	70	30	Card payment for order	CARD_PAYMENT	ORD-1771474080547	\N	COMPLETED	-1
-55.50	7554.35	7609.85	2026-02-19 09:25:54.73837	71	22	Card payment for order	CARD_PAYMENT	ORD-1771475073590	\N	COMPLETED	-1
-185.50	5194.00	5379.50	2026-02-19 09:33:25.570252	72	22	Оплата заказа	WITHDRAWAL	ORD-1771475602762	\N	COMPLETED	-1
-686.50	4507.50	5194.00	2026-02-19 09:37:25.889486	73	22	Оплата заказа	WITHDRAWAL	TEMP-1771475838776	\N	COMPLETED	-1
-351.00	7203.35	7554.35	2026-02-19 09:39:24.141793	74	22	Card payment for order	CARD_PAYMENT	ORD-1771475964123	\N	COMPLETED	-1
-656.80	3850.70	4507.50	2026-02-19 09:39:54.957097	75	22	Оплата заказа	WITHDRAWAL	TEMP-1771475992993	\N	COMPLETED	-1
-506.00	3344.70	3850.70	2026-02-19 09:40:32.332446	76	22	Оплата заказа	WITHDRAWAL	TEMP-1771476027441	\N	COMPLETED	-1
-797.50	2547.20	3344.70	2026-02-19 09:41:54.586444	77	22	Оплата заказа	WITHDRAWAL	ORD-1771476114539	\N	COMPLETED	-1
-511.00	6692.35	7203.35	2026-02-19 09:42:19.854581	78	22	Card payment for order	CARD_PAYMENT	ORD-1771476139816	\N	COMPLETED	-1
-175.50	2371.70	2547.20	2026-02-19 09:47:43.966587	79	22	Оплата заказа	WITHDRAWAL	ORD-1771476463918	\N	COMPLETED	-1
-175.50	6516.85	6692.35	2026-02-19 09:47:52.985092	80	22	Card payment for order	CARD_PAYMENT	ORD-1771476472951	\N	COMPLETED	-1
-175.50	6341.35	6516.85	2026-02-19 09:52:44.122323	81	22	Card payment for order	CARD_PAYMENT	ORD-1771476763943	\N	COMPLETED	-1
-185.50	2186.20	2371.70	2026-02-19 09:52:49.298177	82	22	Оплата заказа	WITHDRAWAL	ORD-1771476769251	\N	COMPLETED	-1
-185.50	6155.85	6341.35	2026-02-19 09:53:37.728949	83	22	Card payment for order	CARD_PAYMENT	ORD-1771476817690	\N	COMPLETED	-1
\.

--
-- TOC entry 5069 (class 0 OID 53493)
-- Dependencies: 232
-- Data for Name: saga_steps; Type: TABLE DATA; Schema: public; Owner: postgres
--


COPY public.saga_steps (id, compensated_at, compensation_data, completed_at, created_at, depends_on_step_id, duration_ms, error_message, is_compensatable, max_retries, next_retry_time, retry_count, retry_delay_minutes, started_at, status, step_data, step_order, step_type, transaction_id) FROM stdin;
\.

--
-- TOC entry 5082 (class 0 OID 53651)
-- Dependencies: 245
-- Data for Name: skladdva; Type: TABLE DATA; Schema: public; Owner: postgres
--


COPY public.skladdva (id, akticul, count, name, price, category, created_at, description, supplier, updated_at) FROM stdin;
25	ART000025	611	Креветки тигровые	1250	Рыба	2026-02-06 16:49:03.765718	Крупные тигровые креветки, отлично подходят для гриля.	Рыбный Мир	2026-02-20 07:11:08.366766
15	ART000015	629	Сметана 15%	89.9	Молочная продукция	2026-02-06 16:49:03.758195	Натуральная сметана средней жирности, идеальна для заправки.	Молочные Реки	2026-02-20 07:11:08.370785
10	ART000010	606	Лосось Норвегия	1250	Рыба	2026-02-06 16:49:03.753691	Свежий норвежский лосось, богат омега-3 жирными кислотами и белком.	Рыбный Мир	2026-02-20 07:11:08.372784
126	ART00126	626	Творог 0%	135.5	Молочная продукция	2026-02-06 16:49:03.855608	Обезжиренный творог, богат белком.	Молочные Реки	2026-02-20 07:11:08.381299
13	ART000013	698	Картофель мытый	55.3	Овощи	2026-02-06 16:49:03.756691	Мытый картофель, готов к приготовлению, отборные клубни.	ВкусВилл	2026-02-20 07:11:08.387817
9	ART000009	616	Говядина вырезка	650	Мясо	2026-02-06 16:49:03.752692	Премиальная говяжья вырезка для стейков, нежная и сочная.	Мясной Двор	2026-02-20 07:11:08.392819
7	ART000007	629	Кефир 2,5%	79.9	Молочная продукция	2026-02-06 16:49:03.751692	Натуральный кефир с живыми бактериями, способствует улучшению пищеварения.	Молочные Реки	2026-02-20 07:11:08.395819
12	ART000012	634	Сок апельсиновый	129.9	Напитки	2026-02-06 16:49:03.755691	Натуральный апельсиновый сок прямого отжима, без добавления сахара и консервантов.	НапиткиОпт	2026-02-20 07:11:08.339228
17	ART000017	607	Форель свежая	890	Рыба	2026-02-06 16:49:03.759201	Свежая форель, выращенная в экологически чистых условиях.	Рыбный Мир	2026-02-20 07:11:08.34022
31	ART000031	616	Сыр Моцарелла	380	Молочная продукция	2026-02-06 16:49:03.772746	Итальянский сыр для пиццы и салатов, с нежной текстурой.	Молочные Реки	2026-02-20 07:11:08.409388
16	ART000016	621	Свинина шейка	380	Мясо	2026-02-06 16:49:03.759201	Нежная свиная шейка, идеально подходит для шашлыка.	Мясной Двор	2026-02-20 07:11:08.429426
118	ART00118	626	Сметана 20%	105.9	Молочная продукция	2026-02-06 16:49:03.848058	Жирная сметана для заправки и выпечки.	Молочные Реки	2026-02-20 07:11:08.441964
30	ART000030	635	Ряженка 3,2%	75.9	Молочная продукция	2026-02-06 16:49:03.772746	Традиционный кисломолочный напиток с нежным вкусом.	Молочные Реки	2026-02-20 07:11:08.343219
8	ART000008	626	Курица филе	320	Мясо	2026-02-06 16:49:03.752692	Свежее куриное филе без костей и кожи, отборное мясо для диетического питания.	Мясной Двор	2026-02-20 07:11:08.349739
3	ART000003	669	Бананы Эквадор	89.9	Фрукты	2026-02-06 16:49:03.756691	Спелые бананы с насыщенным сладким вкусом.	Агроторг Сервис	2026-02-20 07:11:08.358264
11	ART000011	623	Хлеб Бородинский	68	Выпечка	2026-02-06 16:49:03.754691	Традиционный ржаной хлеб с кориандром, обладает насыщенным вкусом и ароматом.	Хлебозавод №1	2026-02-20 07:11:08.364259
36	ART000036	623	Виноград зеленый	280	Фрукты	2026-02-06 16:49:03.778256	Сладкий зеленый виноград без косточек.	Агроторг Сервис	2026-02-20 07:11:08.345737
46	ART000046	625	Сливки 20%	125.5	Молочная продукция	2026-02-06 16:49:03.784773	Свежие сливки средней жирности, для десертов и кофе.	Молочные Реки	2026-02-20 07:11:08.368788
39	ART000039	621	Сыр Российский	350	Молочная продукция	2026-02-06 16:49:03.779257	Традиционный полутвердый сыр, универсальный в использовании.	Молочные Реки	2026-02-20 07:11:08.37378
37	ART000037	691	Лук репчатый	42.8	Овощи	2026-02-06 16:49:03.779257	Свежий репчатый лук, основной ингредиент для многих блюд.	ВкусВилл	2026-02-20 07:11:08.384299
44	ART000044	641	Киви	165.5	Фрукты	2026-02-06 16:49:03.782773	Спелые киви с кисло-сладким вкусом, богаты витамином С.	Агроторг Сервис	2026-02-20 07:11:08.391819
51	ART000051	635	Какао-напиток	135	Напитки	2026-02-06 16:49:03.788283	Горячий шоколадный напиток для детей и взрослых.	НапиткиОпт	2026-02-20 07:11:08.39482
64	ART000064	619	Говяжья грудинка	420	Мясо	2026-02-06 16:49:03.800316	Говяжья грудинка для супов и тушения.	Мясной Двор	2026-02-20 07:11:08.417387
133	ART00133	628	Брокколи	145.8	Овощи	2026-02-06 16:49:03.860625	Свежая брокколи, суперфуд с витаминами.	ВкусВилл	2026-02-20 07:11:08.427917
68	ART000068	645	Слива синяя	135.5	Фрукты	2026-02-06 16:49:03.803316	Сладкие синие сливы с сочной мякотью.	Агроторг Сервис	2026-02-20 07:11:08.442963
105	ART00105	613	Семга слабосоленая	850	Рыба	2026-02-06 16:49:03.835502	Слабосоленая семга для бутербродов.	Рыбный Мир	2026-02-20 07:11:08.380299
74	ART000074	633	Слойка с яблоком	55	Выпечка	2026-02-06 16:49:03.808831	Слоеное тесто с начинкой из яблок.	Хлебозавод №1	2026-02-20 07:11:08.391819
109	ART00109	630	Шпинат свежий	135.8	Овощи	2026-02-06 16:49:03.839015	Свежий шпинат, богат железом и витаминами.	ВкусВилл	2026-02-20 07:11:08.385308
72	ART000072	625	Свиные ребрышки	350	Мясо	2026-02-06 16:49:03.806314	Свиные ребрышки для гриля и запекания.	Мясной Двор	2026-02-20 07:11:08.414396
84	ART000084	635	Грейпфрут	125.5	Фрукты	2026-02-06 16:49:03.817887	Свежий грейпфрут с горьковато-сладким вкусом.	Агроторг Сервис	2026-02-20 07:11:08.39482
71	ART000071	616	Сыр Фета	320	Молочная продукция	2026-02-06 16:49:03.806314	Греческий сыр из овечьего молока, солоноватый вкус.	Молочные Реки	2026-02-20 07:11:08.416387
70	ART000070	623	Творог 9%	165.5	Молочная продукция	2026-02-06 16:49:03.805316	Творог средней жирности, нежный и вкусный.	Молочные Реки	2026-02-20 07:11:08.347746
88	ART000088	621	Говяжий фарш	380	Мясо	2026-02-06 16:49:03.822463	Свежий говяжий фарш для котлет и фрикаделек.	Мясной Двор	2026-02-20 07:11:08.417387
107	ART00107	641	Морс клюквенный	115.5	Напитки	2026-02-06 16:49:03.836501	Натуральный клюквенный морс, богат витаминами.	НапиткиОпт	2026-02-20 07:11:08.411387
96	ART000096	626	Свиной фарш	320	Мясо	2026-02-06 16:49:03.828981	Свежий свиной фарш для пельменей и котлет.	Мясной Двор	2026-02-20 07:11:08.386299
89	ART000089	614	Карп свежий	320	Рыба	2026-02-06 16:49:03.823462	Свежий карп, популярная речная рыба.	Рыбный Мир	2026-02-20 07:11:08.421917
73	ART000073	613	Окунь морской	520	Рыба	2026-02-06 16:49:03.807821	Свежий морской окунь, нежное белое мясо.	Рыбный Мир	2026-02-20 07:11:08.420926
100	ART00100	611	Дыня	195.5	Фрукты	2026-02-06 16:49:03.832501	Сладкая сочная дыня с ароматной мякотью.	Агроторг Сервис	2026-02-20 07:11:08.422917
86	ART000086	645	Молоко 1,5%	72.5	Молочная продукция	2026-02-06 16:49:03.820446	Обезжиренное пастеризованное молоко.	Молочные Реки	2026-02-20 07:11:08.319655
83	ART000083	628	Энергетик	129.9	Напитки	2026-02-06 16:49:03.816887	Энергетический напиток для бодрости.	НапиткиОпт	2026-02-20 07:11:08.425918
90	ART000090	630	Пирожное Картошка	45	Выпечка	2026-02-06 16:49:03.825463	Десертное пирожное в форме картошки.	Хлебозавод №1	2026-02-20 07:11:08.43244
95	ART000095	623	Сыр Адыгейский	290	Молочная продукция	2026-02-06 16:49:03.828981	Мягкий рассольный сыр с нежным вкусом.	Молочные Реки	2026-02-20 07:11:08.326171
75	ART000075	652	Лимонад	79.9	Напитки	2026-02-06 16:49:03.809833	Освежающий лимонад с натуральным вкусом.	НапиткиОпт	2026-02-20 07:11:08.328172
108	ART00108	623	Манго	245.5	Фрукты	2026-02-06 16:49:03.838007	Экзотический манго с нежной мякотью.	Агроторг Сервис	2026-02-20 07:11:08.350738
82	ART000082	644	Булочка с маком	42.5	Выпечка	2026-02-06 16:49:03.815831	Сдобная булочка с маковой посыпкой.	Хлебозавод №1	2026-02-20 07:11:08.387817
103	ART00103	614	Сыр Рикотта	280	Молочная продукция	2026-02-06 16:49:03.833501	Итальянский мягкий сыр для десертов.	Молочные Реки	2026-02-20 07:11:08.337219
93	ART000093	653	Редис	78.9	Овощи	2026-02-06 16:49:03.826463	Свежий редис с острым вкусом, для салатов.	ВкусВилл	2026-02-20 07:11:08.411387
91	ART000091	655	Квас	89.9	Напитки	2026-02-06 16:49:03.826463	Традиционный русский хлебный квас.	НапиткиОпт	2026-02-20 07:11:08.353739
85	ART000085	626	Тыква	68.9	Овощи	2026-02-06 16:49:03.818937	Сладкая тыква для каш и пирогов.	ВкусВилл	2026-02-20 07:11:08.413393
104	ART00104	631	Куриные бедра	290	Мясо	2026-02-06 16:49:03.8345	Куриные бедра с кожей, сочные и ароматные.	Мясной Двор	2026-02-20 07:11:08.434439
80	ART000080	630	Куриные крылышки	280	Мясо	2026-02-06 16:49:03.812831	Куриные крылышки для жарки и гриля.	Мясной Двор	2026-02-20 07:11:08.388819
97	ART000097	616	Треска свежая	420	Рыба	2026-02-06 16:49:03.830487	Свежая треска, диетическое белое мясо.	Рыбный Мир	2026-02-20 07:11:08.36026
81	ART000081	611	Щука свежая	380	Рыба	2026-02-06 16:49:03.813831	Свежая щука, отлично подходит для ухи.	Рыбный Мир	2026-02-20 07:11:08.421917
106	ART00106	635	Кекс маковый	65	Выпечка	2026-02-06 16:49:03.835502	Сдобный кекс с маковой начинкой.	Хлебозавод №1	2026-02-20 07:11:08.378299
121	ART00121	630	Крабовые палочки	185.5	Рыба	2026-02-06 16:49:03.851608	Крабовые палочки из сурими.	Рыбный Мир	2026-02-20 07:11:08.427917
144	ART00144	626	Куриная печень	180	Мясо	2026-02-06 16:49:03.865637	Свежая куриная печень, богата железом.	Мясной Двор	2026-02-20 07:11:08.412387
120	ART00120	619	Ветчина	380	Мясо	2026-02-06 16:49:03.850586	Вареная ветчина высшего сорта.	Мясной Двор	2026-02-20 07:11:08.425918
136	ART00136	609	Говяжий язык	580	Мясо	2026-02-06 16:49:03.862636	Отварной говяжий язык, деликатес.	Мясной Двор	2026-02-20 07:11:08.442963
139	ART00139	631	Сок гранатовый	165.5	Напитки	2026-02-06 16:49:03.871665	Натуральный гранатовый сок, богат антиоксидантами.	НапиткиОпт	2026-02-20 07:11:08.431439
135	ART00135	611	Сыр Горгонзола	480	Молочная продукция	2026-02-06 16:49:03.862636	Итальянский сыр с голубой плесенью.	Молочные Реки	2026-02-20 07:11:08.390819
143	ART00143	618	Сыр Пепперони	340	Молочная продукция	2026-02-06 16:49:03.865637	Сыр с добавлением острого перца.	Молочные Реки	2026-02-20 07:11:08.351739
65	ART000065	609	Тунец стейк	950	Рыба	2026-02-06 16:49:03.869147	Стейк из тунца, богат белком и полезными жирами.	Рыбный Мир	2026-02-20 07:11:08.344219
138	ART00138	636	Рогалик с корицей	55	Выпечка	2026-02-06 16:49:03.864636	Сдобный рогалик с коричной посыпкой.	Хлебозавод №1	2026-02-20 07:11:08.381299
124	ART00124	626	Гранат	189.5	Фрукты	2026-02-06 16:49:03.853607	Спелый гранат с рубиновыми зернами.	Агроторг Сервис	2026-02-20 07:11:08.433439
113	ART00113	606	Икра красная	1850	Рыба	2026-02-06 16:49:03.843546	Красная икра лососевых рыб, деликатес.	Рыбный Мир	2026-02-20 07:11:08.355739
123	ART00123	644	Сок виноградный	119.9	Напитки	2026-02-06 16:49:03.853607	Натуральный виноградный сок прямого отжима.	НапиткиОпт	2026-02-20 07:11:08.426917
102	ART00102	628	Творожная масса	125.5	Молочная продукция	2026-02-06 16:49:03.870653	Сладкая творожная масса с изюмом.	Молочные Реки	2026-02-20 07:11:08.43545
148	ART00148	625	Хурма	165.5	Фрукты	2026-02-06 16:49:03.86814	Сладкая хурма с нежной мякотью.	Агроторг Сервис	2026-02-20 07:11:08.43844
117	ART00117	635	Сельдерей стебли	125.8	Овощи	2026-02-06 16:49:03.846545	Стебли сельдерея, хрустящие и ароматные.	ВкусВилл	2026-02-20 07:11:08.325171
111	ART00111	609	Сыр Дор Блю	520	Молочная продукция	2026-02-06 16:49:03.841545	Французский сыр с голубой плесенью.	Молочные Реки	2026-02-20 07:11:08.378299
147	ART00147	640	Сок персиковый	135.5	Напитки	2026-02-06 16:49:03.866636	Натуральный персиковый сок с мякотью.	НапиткиОпт	2026-02-20 07:11:08.444971
145	ART00145	608	Устрицы свежие	850	Рыба	2026-02-06 16:49:03.866636	Свежие устрицы, морской деликатес.	Рыбный Мир	2026-02-20 07:11:08.430439
137	ART00137	605	Осьминог свежий	1250	Рыба	2026-02-06 16:49:03.863635	Свежий осьминог, морепродукт премиум класса.	Рыбный Мир	2026-02-20 07:11:08.331692
131	ART00131	638	Сок морковный	105.5	Напитки	2026-02-06 16:49:03.85912	Натуральный морковный сок, богат каротином.	НапиткиОпт	2026-02-20 07:11:08.347746
119	ART00119	618	Сыр Эдам	360	Молочная продукция	2026-02-06 16:49:03.849072	Голландский сыр в красной парафиновой оболочке.	Молочные Реки	2026-02-20 07:11:08.377298
38	ART000038	626	Масло сливочное 82,5%	189.9	Молочная продукция	2026-02-06 16:49:03.869147	Натуральное сливочное масло высшего сорта.	Молочные Реки	2026-02-20 07:11:08.329692
122	ART00122	625	Пряник тульский	95	Выпечка	2026-02-06 16:49:03.852607	Знаменитый тульский пряник с глазурью.	Хлебозавод №1	2026-02-20 07:11:08.404867
127	ART00127	616	Сыр Маасдам	390	Молочная продукция	2026-02-06 16:49:03.856604	Голландский сыр с крупными дырками.	Молочные Реки	2026-02-20 07:11:08.436446
128	ART00128	621	Сало соленое	220	Мясо	2026-02-06 16:49:03.856604	Соленое сало с чесноком и специями.	Мясной Двор	2026-02-20 07:11:08.379299
115	ART00115	647	Компот вишневый	89.9	Напитки	2026-02-06 16:49:03.845544	Натуральный вишневый компот.	НапиткиОпт	2026-02-20 07:11:08.424918
134	ART00134	623	Масло топленое	220	Молочная продукция	2026-02-06 16:49:03.861636	Топленое масло для жарки и выпечки.	Молочные Реки	2026-02-20 07:11:08.43995
125	ART00125	631	Цветная капуста	115.8	Овощи	2026-02-06 16:49:03.854608	Свежая цветная капуста, диетический продукт.	ВкусВилл	2026-02-20 07:11:08.321648
114	ART00114	608	Торт Наполеон	420	Выпечка	2026-02-06 16:49:03.844546	Классический торт из слоеного теста с кремом.	Хлебозавод №1	2026-02-20 07:11:08.352745
112	ART00112	616	Колбаса сырокопченая	480	Мясо	2026-02-06 16:49:03.842545	Сырокопченая колбаса высшего сорта.	Мясной Двор	2026-02-20 07:11:08.338219
129	ART00129	613	Камбала свежая	380	Рыба	2026-02-06 16:49:03.858112	Свежая камбала, нежное плоское мясо.	Рыбный Мир	2026-02-20 07:11:08.3833
110	ART00110	618	Молоко козье	195.5	Молочная продукция	2026-02-06 16:49:03.840522	Натуральное козье молоко, легко усваивается.	Молочные Реки	2026-02-20 07:11:08.335221
140	ART00140	607	Авокадо	185.5	Фрукты	2026-02-06 16:49:03.878168	Спелый авокадо с маслянистой мякотью.	Агроторг Сервис	2026-02-20 07:11:08.434439
101	ART00101	645	Свекла свежая	38.9	Овощи	2026-02-06 16:49:03.770736	Свежая свекла, богата витаминами.	ВкусВилл	2026-02-20 07:11:08.335221
149	ART00149	662	Укроп свежий	42.8	Овощи	2026-02-06 16:49:03.873663	Свежий укроп, ароматная зелень для блюд.	ВкусВилл	2026-02-20 07:11:08.339228
2	ART000002	652	Апельсины Марокко	145.8	Фрукты	2026-02-06 16:49:03.879175	Сочные марокканские апельсины, богаты витамином С.	Агроторг Сервис	2026-02-20 07:11:08.437446
19	ART000019	641	Сок яблочный	115.5	Напитки	2026-02-06 16:49:03.761718	Натуральный яблочный сок прямого отжима, богат витаминами.	НапиткиОпт	2026-02-20 07:11:08.43995
18	ART000018	634	Батон нарезной	48.5	Выпечка	2026-02-06 16:49:03.760706	Свежий пшеничный батон, нарезанный ломтиками.	Хлебозавод №1	2026-02-20 07:11:08.440965
150	ART00150	648	Мороженое пломбир	89.9	Молочная продукция	2026-02-06 16:49:03.874663	Классический пломбир из натуральных ингредиентов.	Молочные Реки	2026-02-20 07:11:08.346738
22	ART000022	645	Йогурт натуральный 3,2%	65.9	Молочная продукция	2026-02-06 16:49:03.763717	Натуральный йогурт без добавок, содержит живые бактерии.	Молочные Реки	2026-02-20 07:11:08.356256
76	ART000076	623	Абрикосы	175.5	Фрукты	2026-02-06 16:49:03.874663	Спелые абрикосы с бархатистой кожицей.	Агроторг Сервис	2026-02-20 07:11:08.443963
24	ART000024	617	Индейка грудка	340	Мясо	2026-02-06 16:49:03.765718	Диетическое филе индейки, нежное мясо с низким содержанием жира.	Мясной Двор	2026-02-20 07:11:08.445965
27	ART000027	664	Вода минеральная	49.9	Напитки	2026-02-06 16:49:03.768223	Природная минеральная вода, богата полезными микроэлементами.	НапиткиОпт	2026-02-20 07:11:08.357264
26	ART000026	658	Булка сдобная	35.9	Выпечка	2026-02-06 16:49:03.766717	Сдобная булка с золотистой корочкой, мягкая и ароматная.	Хлебозавод №1	2026-02-20 07:11:08.363259
20	ART000020	651	Груши Конференция	145.2	Фрукты	2026-02-06 16:49:03.762718	Сладкие и сочные груши сорта Конференция.	Агроторг Сервис	2026-02-20 07:11:08.375779
141	ART00141	658	Зелень петрушки	45.8	Овощи	2026-02-06 16:49:03.871665	Свежая петрушка, ароматная приправа.	ВкусВилл	2026-02-20 07:11:08.396819
67	ART000067	640	Сок мультифрукт	139.9	Напитки	2026-02-06 16:49:03.802315	Сок из смеси фруктов, насыщенный витаминами.	НапиткиОпт	2026-02-20 07:11:08.397825
23	ART000023	619	Сыр Гауда	420	Молочная продукция	2026-02-06 16:49:03.764718	Голландский полутвердый сыр с нежным ореховым вкусом.	Молочные Реки	2026-02-20 07:11:08.332692
79	ART000079	609	Сыр Камамбер	480	Молочная продукция	2026-02-06 16:49:03.811829	Французский сыр с белой плесенью, нежный вкус.	Молочные Реки	2026-02-20 07:11:08.419917
28	ART000028	628	Персики	210	Фрукты	2026-02-06 16:49:03.769231	Сочные спелые персики с нежной мякотью.	Агроторг Сервис	2026-02-20 07:11:08.423917
42	ART000042	631	Багель с кунжутом	55.5	Выпечка	2026-02-06 16:49:03.876663	Классический багель посыпанный кунжутом.	Хлебозавод №1	2026-02-20 07:11:08.43844
33	ART000033	614	Кальмары свежие	450	Рыба	2026-02-06 16:49:03.775746	Свежие кальмары, отличный источник белка.	Рыбный Мир	2026-02-20 07:11:08.365258
29	ART000029	655	Огурцы тепличные	120.5	Овощи	2026-02-06 16:49:03.769231	Свежие тепличные огурцы, хрустящие и сочные.	ВкусВилл	2026-02-20 07:11:08.40287
146	ART00146	616	Бисквит классический	120	Выпечка	2026-02-06 16:49:03.875663	Воздушный бисквит для тортов.	Хлебозавод №1	2026-02-20 07:11:08.403864
4	ART000004	648	Лимоны Турция	129.5	Фрукты	2026-02-06 16:49:03.749175	Ароматные лимоны с кислым освежающим вкусом.	Агроторг Сервис	2026-02-20 07:11:08.405868
77	ART000077	648	Кабачки	95.8	Овощи	2026-02-06 16:49:03.810831	Молодые кабачки, нежные и сочные.	ВкусВилл	2026-02-20 07:11:08.348738
47	ART000047	613	Сыр Пармезан	650	Молочная продукция	2026-02-06 16:49:03.785774	Итальянский твердый сыр с насыщенным вкусом.	Молочные Реки	2026-02-20 07:11:08.406864
60	ART000060	631	Нектарины	195.5	Фрукты	2026-02-06 16:49:03.795801	Сладкие нектарины с гладкой кожицей.	Агроторг Сервис	2026-02-20 07:11:08.37478
14	ART000014	624	Творог 5%	145.5	Молочная продукция	2026-02-06 16:49:03.771746	Нежный творог с пониженной жирностью, богат белком.	Молочные Реки	2026-02-20 07:11:08.342219
50	ART000050	630	Круассан с шоколадом	75	Выпечка	2026-02-06 16:49:03.788283	Слоеный круассан с начинкой из шоколада.	Хлебозавод №1	2026-02-20 07:11:08.418904
54	ART000054	641	Молоко 2,5%	78.5	Молочная продукция	2026-02-06 16:49:03.790789	Пастеризованное молоко с пониженной жирностью.	Молочные Реки	2026-02-20 07:11:08.343219
40	ART000040	609	Кролик тушка	680	Мясо	2026-02-06 16:49:03.780762	Нежное диетическое мясо кролика, целая тушка.	Мясной Двор	2026-02-20 07:11:08.399345
142	ART00142	635	Йогурт греческий	89.9	Молочная продукция	2026-02-06 16:49:03.872664	Греческий йогурт с густой консистенцией.	Молочные Реки	2026-02-20 07:11:08.408374
116	ART00116	586	Ананас	325.5	Фрукты	2026-02-06 16:49:03.876663	Свежий ананас с сочной мякотью.	Агроторг Сервис	2026-02-20 07:11:08.431439
6	ART000006	637	Молоко 3,2%	85	Молочная продукция	2026-02-06 16:49:03.750681	Свежее пастеризованное молоко с натуральной жирностью, от проверенного поставщика.	Молочные Реки	2026-02-20 07:11:08.40287
34	ART000034	630	Пончики с сахарной пудрой	65	Выпечка	2026-02-06 16:49:03.776749	Воздушные пончики в сахарной пудре, нежное лакомство.	Хлебозавод №1	2026-02-20 07:11:08.406864
41	ART000041	618	Сельдь соленая	189.9	Рыба	2026-02-06 16:49:03.780762	Соленая сельдь пряного посола, отличная закуска.	Рыбный Мир	2026-02-20 07:11:08.345219
49	ART000049	609	Мидии свежие	680	Рыба	2026-02-06 16:49:03.786773	Свежие мидии, отличный источник белка и микроэлементов.	Рыбный Мир	2026-02-20 07:11:08.367785
132	ART00132	621	Инжир свежий	265.5	Фрукты	2026-02-06 16:49:03.85912	Свежий инжир с медовым вкусом.	Агроторг Сервис	2026-02-20 07:11:08.415387
1	ART000001	681	Яблоки Голден	120.5	Фрукты	2026-02-06 16:49:03.746662	Свежие яблоки сладких сортов, идеально подходят для выпечки и употребления в свежем виде.	Агроторг Сервис	2026-02-20 07:11:08.408374
58	ART000058	638	Пирожок с капустой	45	Выпечка	2026-02-06 16:49:03.793801	Сдобный пирожок с начинкой из тушеной капусты.	Хлебозавод №1	2026-02-20 07:11:08.401862
5	ART000005	668	Морковь мытая	78.4	Овощи	2026-02-06 16:49:03.748168	Свежая мытая морковь, готова к употреблению, содержит бета-каротин и витамины.	ВкусВилл	2026-02-20 07:11:08.410387
87	ART000087	619	Сыр Сулугуни	310	Молочная продукция	2026-02-06 16:49:03.821461	Грузинский рассольный сыр, упругий и соленый.	Молочные Реки	2026-02-20 07:11:08.416387
53	ART000053	652	Чеснок свежий	89.9	Овощи	2026-02-06 16:49:03.789283	Ароматный свежий чеснок, усилитель вкуса блюд.	ВкусВилл	2026-02-20 07:11:08.401344
21	ART000021	645	Помидоры сливовидные	189.9	Овощи	2026-02-06 16:49:03.762718	Мясистые помидоры сливовидной формы, идеальны для соусов.	ВкусВилл	2026-02-20 07:11:08.386299
61	ART000061	632	Баклажаны	145.8	Овощи	2026-02-06 16:49:03.798315	Свежие баклажаны, идеальны для рагу и запекания.	ВкусВилл	2026-02-20 07:11:08.400345
130	ART00130	598	Вафли с кремом	78.5	Выпечка	2026-02-10 17:24:30.726271	Хрустящие вафли с шоколадным кремом.	Хлебозавод №1	2026-02-20 07:11:08.37678
52	ART000052	665	Мандарины	155.8	Фрукты	2026-02-06 16:49:03.789283	Сладкие мандарины, символ Нового года.	Агроторг Сервис	2026-02-20 07:11:08.389825
57	ART000057	616	Скумбрия свежая	280	Рыба	2026-02-06 16:49:03.792801	Свежая скумбрия, отлично подходит для запекания.	Рыбный Мир	2026-02-20 07:11:08.398343
59	ART000059	657	Газировка Кола	89.9	Напитки	2026-02-06 16:49:03.794799	Классический газированный напиток Кола.	НапиткиОпт	2026-02-20 07:11:08.393819
92	ART000092	598	Арбуз	89.5	Фрукты	2026-02-10 17:24:30.680704	Сладкий сочный арбуз, охлаждающий десерт.	Агроторг Сервис	2026-02-20 07:11:08.322648
78	ART000078	636	Простокваша	65.9	Молочная продукция	2026-02-06 16:49:03.811829	Традиционный кисломолочный напиток.	Молочные Реки	2026-02-20 07:11:08.333692
94	ART000094	650	Йогурт питьевой	55.9	Молочная продукция	2026-02-06 16:49:03.827972	Питьевой йогурт с фруктовым вкусом.	Молочные Реки	2026-02-20 07:11:08.33622
55	ART000055	611	Сыр Бри	520	Молочная продукция	2026-02-06 16:49:03.791799	Французский мягкий сыр с белой плесенью.	Молочные Реки	2026-02-20 07:11:08.341219
63	ART000063	618	Сыр Чеддер	380	Молочная продукция	2026-02-06 16:49:03.796804	Английский твердый сыр с острым вкусом.	Молочные Реки	2026-02-20 07:11:08.354738
43	ART000043	628	Чай зеленый	220	Напитки	2026-02-06 16:49:03.781773	Ароматный зеленый чай высшего сорта.	НапиткиОпт	2026-02-20 07:11:08.359269
32	ART000032	611	Баранина для плова	520	Мясо	2026-02-06 16:49:03.773746	Специально нарезанная баранина для приготовления плова.	Мясной Двор	2026-02-20 07:11:08.36026
69	ART000069	641	Перец болгарский	165.8	Овощи	2026-02-06 16:49:03.804315	Свежий болгарский перец разных цветов.	ВкусВилл	2026-02-20 07:11:08.361258
56	ART000056	608	Утка тушка	580	Мясо	2026-02-06 16:49:03.792801	Целая тушка утки для праздничного стола.	Мясной Двор	2026-02-20 07:11:08.362258
48	ART000048	614	Телятина вырезка	720	Мясо	2026-02-06 16:49:03.786773	Нежная телятина, идеальна для диетического питания.	Мясной Двор	2026-02-20 07:11:08.364259
98	ART000098	638	Печенье овсяное	85.5	Выпечка	2026-02-06 16:49:03.831501	Полезное овсяное печенье с изюмом.	Хлебозавод №1	2026-02-20 07:11:08.366257
62	ART000062	631	Кефир 3,2%	85.9	Молочная продукция	2026-02-06 16:49:03.796804	Кефир повышенной жирности с насыщенным вкусом.	Молочные Реки	2026-02-20 07:11:08.369788
66	ART000066	645	Хлебцы ржаные	89.9	Выпечка	2026-02-06 16:49:03.801315	Диетические ржаные хлебцы, хрустящие и полезные.	Хлебозавод №1	2026-02-20 07:11:08.369788
35	ART000035	619	Кофе зерновой	890	Напитки	2026-02-06 16:49:03.777746	Свежеобжаренный зерновой кофе премиум класса.	НапиткиОпт	2026-02-20 07:11:08.371793
45	ART000045	655	Капуста белокочанная	45.8	Овощи	2026-02-06 16:49:03.783772	Свежая белокочанная капуста, хрустящая и сочная.	ВкусВилл	2026-02-20 07:11:08.3833
99	ART000099	645	Сок томатный	99.9	Напитки	2026-02-06 16:49:03.832501	Натуральный томатный сок, богат ликопином.	НапиткиОпт	2026-02-20 07:11:08.37378
\.

--
-- TOC entry 5081 (class 0 OID 53646)
-- Dependencies: 244
-- Data for Name: skladodin; Type: TABLE DATA; Schema: public; Owner: postgres
--


COPY public.skladodin (id, akticul, count, name, price, category, created_at, description, supplier, updated_at) FROM stdin;
17	ART000017	623	Форель свежая	890	Рыба	2026-02-06 16:49:03.899232	Свежая форель, выращенная в экологически чистых условиях.	Рыбный Мир	2026-02-20 07:10:58.567666
20	ART000020	668	Груши Конференция	145.2	Фрукты	2026-02-06 16:49:03.901751	Сладкие и сочные груши сорта Конференция.	Агроторг Сервис	2026-02-20 07:10:58.626096
28	ART000028	643	Персики	210	Фрукты	2026-02-06 16:49:03.909259	Сочные спелые персики с нежной мякотью.	Агроторг Сервис	2026-02-20 07:10:58.682267
16	ART000016	636	Свинина шейка	380	Мясо	2026-02-06 16:49:03.898224	Нежная свиная шейка, идеально подходит для шашлыка.	Мясной Двор	2026-02-20 07:10:58.692928
13	ART000013	714	Картофель мытый	55.3	Овощи	2026-02-06 16:49:03.894717	Мытый картофель, готов к приготовлению, отборные клубни.	ВкусВилл	2026-02-20 07:10:58.638757
19	ART000019	657	Сок яблочный	115.5	Напитки	2026-02-06 16:49:03.900739	Натуральный яблочный сок прямого отжима, богат витаминами.	НапиткиОпт	2026-02-20 07:10:58.704463
15	ART000015	645	Сметана 15%	89.9	Молочная продукция	2026-02-06 16:49:03.896717	Натуральная сметана средней жирности, идеальна для заправки.	Молочные Реки	2026-02-20 07:10:58.607945
14	ART000014	640	Творог 5%	145.5	Молочная продукция	2026-02-06 16:49:03.912776	Нежный творог с пониженной жирностью, богат белком.	Молочные Реки	2026-02-20 07:10:58.57068
30	ART000030	650	Ряженка 3,2%	75.9	Молочная продукция	2026-02-06 16:49:03.913775	Традиционный кисломолочный напиток с нежным вкусом.	Молочные Реки	2026-02-20 07:10:58.573695
10	ART000010	620	Лосось Норвегия	1250	Рыба	2026-02-06 16:49:03.891716	Свежий норвежский лосось, богат омега-3 жирными кислотами и белком.	Рыбный Мир	2026-02-20 07:10:58.609957
9	ART000009	633	Говядина вырезка	650	Мясо	2026-02-06 16:49:03.890706	Премиальная говяжья вырезка для стейков, нежная и сочная.	Мясной Двор	2026-02-20 07:10:58.643757
26	ART000026	674	Булка сдобная	35.9	Выпечка	2026-02-06 16:49:03.908261	Сдобная булка с золотистой корочкой, мягкая и ароматная.	Хлебозавод №1	2026-02-20 07:10:58.619078
18	ART000018	649	Батон нарезной	48.5	Выпечка	2026-02-06 16:49:03.899232	Свежий пшеничный батон, нарезанный ломтиками.	Хлебозавод №1	2026-02-20 07:10:58.706473
23	ART000023	635	Сыр Гауда	420	Молочная продукция	2026-02-06 16:49:03.904751	Голландский полутвердый сыр с нежным ореховым вкусом.	Молочные Реки	2026-02-20 07:10:58.585774
11	ART000011	638	Хлеб Бородинский	68	Выпечка	2026-02-06 16:49:03.892716	Традиционный ржаной хлеб с кориандром, обладает насыщенным вкусом и ароматом.	Хлебозавод №1	2026-02-20 07:10:58.619078
101	ART00101	661	Свекла свежая	38.9	Овощи	2026-02-06 16:49:03.911775	Свежая свекла, богата витаминами.	ВкусВилл	2026-02-20 07:10:58.589299
3	ART000003	685	Бананы Эквадор	89.9	Фрукты	2026-02-06 16:49:03.896717	Спелые бананы с насыщенным сладким вкусом.	Агроторг Сервис	2026-02-20 07:10:58.603417
25	ART000025	626	Креветки тигровые	1250	Рыба	2026-02-06 16:49:03.906752	Крупные тигровые креветки, отлично подходят для гриля.	Рыбный Мир	2026-02-20 07:10:58.623086
7	ART000007	645	Кефир 2,5%	79.9	Молочная продукция	2026-02-06 16:49:03.889202	Натуральный кефир с живыми бактериями, способствует улучшению пищеварения.	Молочные Реки	2026-02-20 07:10:58.648342
21	ART000021	661	Помидоры сливовидные	189.9	Овощи	2026-02-06 16:49:03.902751	Мясистые помидоры сливовидной формы, идеальны для соусов.	ВкусВилл	2026-02-20 07:10:58.651861
24	ART000024	633	Индейка грудка	340	Мясо	2026-02-06 16:49:03.906752	Диетическое филе индейки, нежное мясо с низким содержанием жира.	Мясной Двор	2026-02-20 07:10:58.711604
12	ART000012	650	Сок апельсиновый	129.9	Напитки	2026-02-06 16:49:03.893717	Натуральный апельсиновый сок прямого отжима, без добавления сахара и консервантов.	НапиткиОпт	2026-02-20 07:10:58.564527
31	ART000031	631	Сыр Моцарелла	380	Молочная продукция	2026-02-06 16:49:03.913775	Итальянский сыр для пиццы и салатов, с нежной текстурой.	Молочные Реки	2026-02-20 07:10:58.663985
57	ART000057	631	Скумбрия свежая	280	Рыба	2026-02-06 16:49:03.933307	Свежая скумбрия, отлично подходит для запекания.	Рыбный Мир	2026-02-20 07:10:58.666993
44	ART000044	658	Киви	165.5	Фрукты	2026-02-06 16:49:03.923796	Спелые киви с кисло-сладким вкусом, богаты витамином С.	Агроторг Сервис	2026-02-20 07:10:58.642766
39	ART000039	637	Сыр Российский	350	Молочная продукция	2026-02-06 16:49:03.920797	Традиционный полутвердый сыр, универсальный в использовании.	Молочные Реки	2026-02-20 07:10:58.611947
51	ART000051	650	Какао-напиток	135	Напитки	2026-02-06 16:49:03.929306	Горячий шоколадный напиток для детей и взрослых.	НапиткиОпт	2026-02-20 07:10:58.647352
60	ART000060	647	Нектарины	195.5	Фрукты	2026-02-06 16:49:03.935308	Сладкие нектарины с гладкой кожицей.	Агроторг Сервис	2026-02-20 07:10:58.613544
54	ART000054	658	Молоко 2,5%	78.5	Молочная продукция	2026-02-06 16:49:03.931307	Пастеризованное молоко с пониженной жирностью.	Молочные Реки	2026-02-20 07:10:58.57268
37	ART000037	707	Лук репчатый	42.8	Овощи	2026-02-06 16:49:03.919798	Свежий репчатый лук, основной ингредиент для многих блюд.	ВкусВилл	2026-02-20 07:10:58.649862
40	ART000040	625	Кролик тушка	680	Мясо	2026-02-06 16:49:03.920797	Нежное диетическое мясо кролика, целая тушка.	Мясной Двор	2026-02-20 07:10:58.668
43	ART000043	644	Чай зеленый	220	Напитки	2026-02-06 16:49:03.922796	Ароматный зеленый чай высшего сорта.	НапиткиОпт	2026-02-20 07:10:58.614567
58	ART000058	654	Пирожок с капустой	45	Выпечка	2026-02-06 16:49:03.934307	Сдобный пирожок с начинкой из тушеной капусты.	Хлебозавод №1	2026-02-20 07:10:58.651861
33	ART000033	630	Кальмары свежие	450	Рыба	2026-02-06 16:49:03.916287	Свежие кальмары, отличный источник белка.	Рыбный Мир	2026-02-20 07:10:58.621083
49	ART000049	625	Мидии свежие	680	Рыба	2026-02-06 16:49:03.927797	Свежие мидии, отличный источник белка и микроэлементов.	Рыбный Мир	2026-02-20 07:10:58.624077
61	ART000061	648	Баклажаны	145.8	Овощи	2026-02-06 16:49:03.93781	Свежие баклажаны, идеальны для рагу и запекания.	ВкусВилл	2026-02-20 07:10:58.668993
36	ART000036	638	Виноград зеленый	280	Фрукты	2026-02-06 16:49:03.918796	Сладкий зеленый виноград без косточек.	Агроторг Сервис	2026-02-20 07:10:58.590303
47	ART000047	628	Сыр Пармезан	650	Молочная продукция	2026-02-06 16:49:03.925797	Итальянский твердый сыр с насыщенным вкусом.	Молочные Реки	2026-02-20 07:10:58.658871
34	ART000034	645	Пончики с сахарной пудрой	65	Выпечка	2026-02-06 16:49:03.91779	Воздушные пончики в сахарной пудре, нежное лакомство.	Хлебозавод №1	2026-02-20 07:10:58.659971
67	ART000067	656	Сок мультифрукт	139.9	Напитки	2026-02-06 16:49:03.938817	Сок из смеси фруктов, насыщенный витаминами.	НапиткиОпт	2026-02-20 07:10:58.665984
53	ART000053	668	Чеснок свежий	89.9	Овощи	2026-02-06 16:49:03.930308	Ароматный свежий чеснок, усилитель вкуса блюд.	ВкусВилл	2026-02-20 07:10:58.670087
50	ART000050	645	Круассан с шоколадом	75	Выпечка	2026-02-06 16:49:03.928308	Слоеный круассан с начинкой из шоколада.	Хлебозавод №1	2026-02-20 07:10:58.677725
41	ART000041	633	Сельдь соленая	189.9	Рыба	2026-02-06 16:49:03.921796	Соленая сельдь пряного посола, отличная закуска.	Рыбный Мир	2026-02-20 07:10:58.605433
62	ART000062	647	Кефир 3,2%	85.9	Молочная продукция	2026-02-06 16:49:03.936306	Кефир повышенной жирности с насыщенным вкусом.	Молочные Реки	2026-02-20 07:10:58.606421
45	ART000045	671	Капуста белокочанная	45.8	Овощи	2026-02-06 16:49:03.924797	Свежая белокочанная капуста, хрустящая и сочная.	ВкусВилл	2026-02-20 07:10:58.63522
52	ART000052	681	Мандарины	155.8	Фрукты	2026-02-06 16:49:03.929306	Сладкие мандарины, символ Нового года.	Агроторг Сервис	2026-02-20 07:10:58.639756
66	ART000066	661	Хлебцы ржаные	89.9	Выпечка	2026-02-06 16:49:03.938817	Диетические ржаные хлебцы, хрустящие и полезные.	Хлебозавод №1	2026-02-20 07:10:58.607427
73	ART000073	628	Окунь морской	520	Рыба	2026-02-06 16:49:03.943333	Свежий морской окунь, нежное белое мясо.	Рыбный Мир	2026-02-20 07:10:58.679247
81	ART000081	626	Щука свежая	380	Рыба	2026-02-06 16:49:03.948849	Свежая щука, отлично подходит для ухи.	Рыбный Мир	2026-02-20 07:10:58.680269
89	ART000089	630	Карп свежий	320	Рыба	2026-02-06 16:49:03.955366	Свежий карп, популярная речная рыба.	Рыбный Мир	2026-02-20 07:10:58.681269
71	ART000071	631	Сыр Фета	320	Молочная продукция	2026-02-06 16:49:03.942333	Греческий сыр из овечьего молока, солоноватый вкус.	Молочные Реки	2026-02-20 07:10:58.673086
95	ART000095	638	Сыр Адыгейский	290	Молочная продукция	2026-02-06 16:49:03.958876	Мягкий рассольный сыр с нежным вкусом.	Молочные Реки	2026-02-20 07:10:58.581229
74	ART000074	649	Слойка с яблоком	55	Выпечка	2026-02-06 16:49:03.944335	Слоеное тесто с начинкой из яблок.	Хлебозавод №1	2026-02-20 07:10:58.641771
84	ART000084	650	Грейпфрут	125.5	Фрукты	2026-02-06 16:49:03.951368	Свежий грейпфрут с горьковато-сладким вкусом.	Агроторг Сервис	2026-02-20 07:10:58.64636
109	ART00109	645	Шпинат свежий	135.8	Овощи	2026-02-06 16:49:03.968907	Свежий шпинат, богат железом и витаминами.	ВкусВилл	2026-02-20 07:10:58.650861
108	ART00108	638	Манго	245.5	Фрукты	2026-02-06 16:49:03.9679	Экзотический манго с нежной мякотью.	Агроторг Сервис	2026-02-20 07:10:58.596293
87	ART000087	635	Сыр Сулугуни	310	Молочная продукция	2026-02-06 16:49:03.953368	Грузинский рассольный сыр, упругий и соленый.	Молочные Реки	2026-02-20 07:10:58.674086
105	ART00105	628	Семга слабосоленая	850	Рыба	2026-02-06 16:49:03.965394	Слабосоленая семга для бутербродов.	Рыбный Мир	2026-02-20 07:10:58.63222
83	ART000083	644	Энергетик	129.9	Напитки	2026-02-06 16:49:03.950355	Энергетический напиток для бодрости.	НапиткиОпт	2026-02-20 07:10:58.684261
107	ART00107	658	Морс клюквенный	115.5	Напитки	2026-02-06 16:49:03.966394	Натуральный клюквенный морс, богат витаминами.	НапиткиОпт	2026-02-20 07:10:58.685267
104	ART00104	647	Куриные бедра	290	Мясо	2026-02-06 16:49:03.965394	Куриные бедра с кожей, сочные и ароматные.	Мясной Двор	2026-02-20 07:10:58.697941
96	ART000096	642	Свиной фарш	320	Мясо	2026-02-06 16:49:03.958876	Свежий свиной фарш для пельменей и котлет.	Мясной Двор	2026-02-20 07:10:58.636221
82	ART000082	659	Булочка с маком	42.5	Выпечка	2026-02-06 16:49:03.948849	Сдобная булочка с маковой посыпкой.	Хлебозавод №1	2026-02-20 07:10:58.637225
100	ART00100	626	Дыня	195.5	Фрукты	2026-02-06 16:49:03.963394	Сладкая сочная дыня с ароматной мякотью.	Агроторг Сервис	2026-02-20 07:10:58.682267
80	ART000080	645	Куриные крылышки	280	Мясо	2026-02-06 16:49:03.947841	Куриные крылышки для жарки и гриля.	Мясной Двор	2026-02-20 07:10:58.639756
93	ART000093	670	Редис	78.9	Овощи	2026-02-06 16:49:03.956365	Свежий редис с острым вкусом, для салатов.	ВкусВилл	2026-02-20 07:10:58.686264
97	ART000097	631	Треска свежая	420	Рыба	2026-02-06 16:49:03.960382	Свежая треска, диетическое белое мясо.	Рыбный Мир	2026-02-20 07:10:58.616558
98	ART000098	654	Печенье овсяное	85.5	Выпечка	2026-02-06 16:49:03.961395	Полезное овсяное печенье с изюмом.	Хлебозавод №1	2026-02-20 07:10:58.622087
106	ART00106	650	Кекс маковый	65	Выпечка	2026-02-06 16:49:03.966394	Сдобный кекс с маковой начинкой.	Хлебозавод №1	2026-02-20 07:10:58.63023
78	ART000078	652	Простокваша	65.9	Молочная продукция	2026-02-06 16:49:03.946335	Традиционный кисломолочный напиток.	Молочные Реки	2026-02-20 07:10:58.587291
72	ART000072	640	Свиные ребрышки	350	Мясо	2026-02-06 16:49:03.943333	Свиные ребрышки для гриля и запекания.	Мясной Двор	2026-02-20 07:10:58.671085
88	ART000088	637	Говяжий фарш	380	Мясо	2026-02-06 16:49:03.954366	Свежий говяжий фарш для котлет и фрикаделек.	Мясной Двор	2026-02-20 07:10:58.675095
110	ART00110	633	Молоко козье	195.5	Молочная продукция	2026-02-06 16:49:03.968907	Натуральное козье молоко, легко усваивается.	Молочные Реки	2026-02-20 07:10:58.588293
85	ART000085	642	Тыква	68.9	Овощи	2026-02-06 16:49:03.952369	Сладкая тыква для каш и пирогов.	ВкусВилл	2026-02-20 07:10:58.688261
64	ART000064	635	Говяжья грудинка	420	Мясо	2026-02-06 16:49:03.964393	Говяжья грудинка для супов и тушения.	Мясной Двор	2026-02-20 07:10:58.675692
90	ART000090	645	Пирожное Картошка	45	Выпечка	2026-02-06 16:49:03.955366	Десертное пирожное в форме картошки.	Хлебозавод №1	2026-02-20 07:10:58.695947
122	ART00122	640	Пряник тульский	95	Выпечка	2026-02-06 16:49:03.978938	Знаменитый тульский пряник с глазурью.	Хлебозавод №1	2026-02-20 07:10:58.655862
132	ART00132	637	Инжир свежий	265.5	Фрукты	2026-02-06 16:49:03.98796	Свежий инжир с медовым вкусом.	Агроторг Сервис	2026-02-20 07:10:58.672077
145	ART00145	623	Устрицы свежие	850	Рыба	2026-02-06 16:49:03.995482	Свежие устрицы, морской деликатес.	Рыбный Мир	2026-02-20 07:10:58.693946
116	ART00116	600	Ананас	325.5	Фрукты	2026-02-06 16:49:03.995482	Свежий ананас с сочной мякотью.	Агроторг Сервис	2026-02-20 07:10:58.694951
42	ART000042	647	Багель с кунжутом	55.5	Выпечка	2026-02-06 16:49:03.994483	Классический багель посыпанный кунжутом.	Хлебозавод №1	2026-02-20 07:10:58.703463
136	ART00136	625	Говяжий язык	580	Мясо	2026-02-06 16:49:03.990472	Отварной говяжий язык, деликатес.	Мясной Двор	2026-02-20 07:10:58.709078
113	ART00113	621	Икра красная	1850	Рыба	2026-02-06 16:49:03.972424	Красная икра лососевых рыб, деликатес.	Рыбный Мир	2026-02-20 07:10:58.601417
147	ART00147	656	Сок персиковый	135.5	Напитки	2026-02-06 16:49:03.996482	Натуральный персиковый сок с мякотью.	НапиткиОпт	2026-02-20 07:10:58.710589
124	ART00124	642	Гранат	189.5	Фрукты	2026-02-06 16:49:03.981455	Спелый гранат с рубиновыми зернами.	Агроторг Сервис	2026-02-20 07:10:58.696942
140	ART00140	622	Авокадо	185.5	Фрукты	2026-02-06 16:49:03.998994	Спелый авокадо с маслянистой мякотью.	Агроторг Сервис	2026-02-20 07:10:58.698951
127	ART00127	631	Сыр Маасдам	390	Молочная продукция	2026-02-06 16:49:03.984454	Голландский сыр с крупными дырками.	Молочные Реки	2026-02-20 07:10:58.700461
65	ART000065	625	Тунец стейк	950	Рыба	2026-02-06 16:49:03.998994	Стейк из тунца, богат белком и полезными жирами.	Рыбный Мир	2026-02-20 07:10:58.604417
128	ART00128	637	Сало соленое	220	Мясо	2026-02-06 16:49:03.985456	Соленое сало с чесноком и специями.	Мясной Двор	2026-02-20 07:10:58.631229
115	ART00115	662	Компот вишневый	89.9	Напитки	2026-02-06 16:49:03.974424	Натуральный вишневый компот.	НапиткиОпт	2026-02-20 07:10:58.683272
2	ART000002	669	Апельсины Марокко	145.8	Фрукты	2026-02-06 16:49:04.0005	Сочные марокканские апельсины, богаты витамином С.	Агроторг Сервис	2026-02-20 07:10:58.701472
148	ART00148	640	Хурма	165.5	Фрукты	2026-02-06 16:49:03.997986	Сладкая хурма с нежной мякотью.	Агроторг Сервис	2026-02-20 07:10:58.702471
138	ART00138	652	Рогалик с корицей	55	Выпечка	2026-02-06 16:49:03.992482	Сдобный рогалик с коричной посыпкой.	Хлебозавод №1	2026-02-20 07:10:58.63322
117	ART00117	650	Сельдерей стебли	125.8	Овощи	2026-02-06 16:49:03.975422	Стебли сельдерея, хрустящие и ароматные.	ВкусВилл	2026-02-20 07:10:58.580224
144	ART00144	642	Куриная печень	180	Мясо	2026-02-06 16:49:03.993482	Свежая куриная печень, богата железом.	Мясной Двор	2026-02-20 07:10:58.687269
126	ART00126	642	Творог 0%	135.5	Молочная продукция	2026-02-06 16:49:03.983456	Обезжиренный творог, богат белком.	Молочные Реки	2026-02-20 07:10:58.63322
38	ART000038	642	Масло сливочное 82,5%	189.9	Молочная продукция	2026-02-06 16:49:03.997986	Натуральное сливочное масло высшего сорта.	Молочные Реки	2026-02-20 07:10:58.584775
120	ART00120	635	Ветчина	380	Мясо	2026-02-06 16:49:03.977928	Вареная ветчина высшего сорта.	Мясной Двор	2026-02-20 07:10:58.688261
129	ART00129	628	Камбала свежая	380	Рыба	2026-02-06 16:49:03.986455	Свежая камбала, нежное плоское мясо.	Рыбный Мир	2026-02-20 07:10:58.634221
135	ART00135	626	Сыр Горгонзола	480	Молочная продукция	2026-02-06 16:49:03.990472	Итальянский сыр с голубой плесенью.	Молочные Реки	2026-02-20 07:10:58.640758
121	ART00121	645	Крабовые палочки	185.5	Рыба	2026-02-06 16:49:03.978938	Крабовые палочки из сурими.	Рыбный Мир	2026-02-20 07:10:58.690786
133	ART00133	644	Брокколи	145.8	Овощи	2026-02-06 16:49:03.988967	Свежая брокколи, суперфуд с витаминами.	ВкусВилл	2026-02-20 07:10:58.691388
131	ART00131	654	Сок морковный	105.5	Напитки	2026-02-06 16:49:03.986455	Натуральный морковный сок, богат каротином.	НапиткиОпт	2026-02-20 07:10:58.593303
70	ART000070	638	Творог 9%	165.5	Молочная продукция	2026-02-06 16:49:03.941334	Творог средней жирности, нежный и вкусный.	Молочные Реки	2026-02-20 07:10:58.592315
4	ART000004	664	Лимоны Турция	129.5	Фрукты	2026-02-06 16:49:03.886691	Ароматные лимоны с кислым освежающим вкусом.	Агроторг Сервис	2026-02-20 07:10:58.657871
123	ART00123	659	Сок виноградный	119.9	Напитки	2026-02-06 16:49:03.980443	Натуральный виноградный сок прямого отжима.	НапиткиОпт	2026-02-20 07:10:58.689773
29	ART000029	671	Огурцы тепличные	120.5	Овощи	2026-02-06 16:49:03.910764	Свежие тепличные огурцы, хрустящие и сочные.	ВкусВилл	2026-02-20 07:10:58.652865
75	ART000075	668	Лимонад	79.9	Напитки	2026-02-06 16:49:03.945334	Освежающий лимонад с натуральным вкусом.	НапиткиОпт	2026-02-20 07:10:58.582759
77	ART000077	664	Кабачки	95.8	Овощи	2026-02-06 16:49:03.946335	Молодые кабачки, нежные и сочные.	ВкусВилл	2026-02-20 07:10:58.594294
99	ART000099	661	Сок томатный	99.9	Напитки	2026-02-06 16:49:03.962394	Натуральный томатный сок, богат ликопином.	НапиткиОпт	2026-02-20 07:10:58.610947
6	ART000006	654	Молоко 3,2%	85	Молочная продукция	2026-02-06 16:49:03.888195	Свежее пастеризованное молоко с натуральной жирностью, от проверенного поставщика.	Молочные Реки	2026-02-20 07:10:58.65487
91	ART000091	671	Квас	89.9	Напитки	2026-02-06 16:49:03.956365	Традиционный русский хлебный квас.	НапиткиОпт	2026-02-20 07:10:58.599425
68	ART000068	661	Слива синяя	135.5	Фрукты	2026-02-06 16:49:03.940323	Сладкие синие сливы с сочной мякотью.	Агроторг Сервис	2026-02-20 07:10:58.708074
111	ART00111	625	Сыр Дор Блю	520	Молочная продукция	2026-02-06 16:49:03.970412	Французский сыр с голубой плесенью.	Молочные Реки	2026-02-20 07:10:58.629206
142	ART00142	650	Йогурт греческий	89.9	Молочная продукция	2026-02-06 16:49:04.004511	Греческий йогурт с густой консистенцией.	Молочные Реки	2026-02-20 07:10:58.661993
22	ART000022	661	Йогурт натуральный 3,2%	65.9	Молочная продукция	2026-02-06 16:49:03.903753	Натуральный йогурт без добавок, содержит живые бактерии.	Молочные Реки	2026-02-20 07:10:58.602416
139	ART00139	647	Сок гранатовый	165.5	Напитки	2026-02-06 16:49:04.00251	Натуральный гранатовый сок, богат антиоксидантами.	НапиткиОпт	2026-02-20 07:10:58.695947
94	ART000094	666	Йогурт питьевой	55.9	Молочная продукция	2026-02-06 16:49:03.957869	Питьевой йогурт с фруктовым вкусом.	Молочные Реки	2026-02-20 07:10:58.590303
76	ART000076	639	Абрикосы	175.5	Фрукты	2026-02-06 16:49:04.006514	Спелые абрикосы с бархатистой кожицей.	Агроторг Сервис	2026-02-20 07:10:58.710078
59	ART000059	674	Газировка Кола	89.9	Напитки	2026-02-06 16:49:03.935308	Классический газированный напиток Кола.	НапиткиОпт	2026-02-20 07:10:58.64535
102	ART00102	644	Творожная масса	125.5	Молочная продукция	2026-02-06 16:49:04.001511	Сладкая творожная масса с изюмом.	Молочные Реки	2026-02-20 07:10:58.699942
149	ART00149	678	Укроп свежий	42.8	Овощи	2026-02-06 16:49:04.00551	Свежий укроп, ароматная зелень для блюд.	ВкусВилл	2026-02-20 07:10:58.566047
27	ART000027	680	Вода минеральная	49.9	Напитки	2026-02-06 16:49:03.908261	Природная минеральная вода, богата полезными микроэлементами.	НапиткиОпт	2026-02-20 07:10:58.602416
32	ART000032	626	Баранина для плова	520	Мясо	2026-02-06 16:49:03.914776	Специально нарезанная баранина для приготовления плова.	Мясной Двор	2026-02-20 07:10:58.615558
141	ART00141	675	Зелень петрушки	45.8	Овощи	2026-02-06 16:49:04.00351	Свежая петрушка, ароматная приправа.	ВкусВилл	2026-02-20 07:10:58.64886
150	ART00150	664	Мороженое пломбир	89.9	Молочная продукция	2026-02-06 16:49:04.00551	Классический пломбир из натуральных ингредиентов.	Молочные Реки	2026-02-20 07:10:58.592315
119	ART00119	633	Сыр Эдам	360	Молочная продукция	2026-02-06 16:49:03.976423	Голландский сыр в красной парафиновой оболочке.	Молочные Реки	2026-02-20 07:10:58.628078
143	ART00143	633	Сыр Пепперони	340	Молочная продукция	2026-02-06 16:49:04.00251	Сыр с добавлением острого перца.	Молочные Реки	2026-02-20 07:10:58.597299
5	ART000005	684	Морковь мытая	78.4	Овощи	2026-02-06 16:49:03.884691	Свежая мытая морковь, готова к употреблению, содержит бета-каротин и витамины.	ВкусВилл	2026-02-20 07:10:58.664995
146	ART00146	632	Бисквит классический	120	Выпечка	2026-02-06 16:49:04.006514	Воздушный бисквит для тортов.	Хлебозавод №1	2026-02-20 07:10:58.65487
86	ART000086	661	Молоко 1,5%	72.5	Молочная продукция	2026-02-06 16:49:03.952369	Обезжиренное пастеризованное молоко.	Молочные Реки	2026-02-20 07:10:58.57469
35	ART000035	635	Кофе зерновой	890	Напитки	2026-02-06 16:49:03.91779	Свежеобжаренный зерновой кофе премиум класса.	НапиткиОпт	2026-02-20 07:10:58.608968
69	ART000069	658	Перец болгарский	165.8	Овощи	2026-02-06 16:49:03.940323	Свежий болгарский перец разных цветов.	ВкусВилл	2026-02-20 07:10:58.616558
103	ART00103	630	Сыр Рикотта	280	Молочная продукция	2026-02-06 16:49:03.993482	Итальянский мягкий сыр для десертов.	Молочные Реки	2026-02-20 07:10:58.561527
112	ART00112	631	Колбаса сырокопченая	480	Мясо	2026-02-06 16:49:03.971422	Сырокопченая колбаса высшего сорта.	Мясной Двор	2026-02-20 07:10:58.563527
56	ART000056	623	Утка тушка	580	Мясо	2026-02-06 16:49:03.932306	Целая тушка утки для праздничного стола.	Мясной Двор	2026-02-20 07:10:58.618076
55	ART000055	626	Сыр Бри	520	Молочная продукция	2026-02-06 16:49:03.932306	Французский мягкий сыр с белой плесенью.	Молочные Реки	2026-02-20 07:10:58.56969
125	ART00125	647	Цветная капуста	115.8	Овощи	2026-02-06 16:49:03.982458	Свежая цветная капуста, диетический продукт.	ВкусВилл	2026-02-20 07:10:58.577226
48	ART000048	630	Телятина вырезка	720	Мясо	2026-02-06 16:49:03.926798	Нежная телятина, идеальна для диетического питания.	Мясной Двор	2026-02-20 07:10:58.620077
46	ART000046	640	Сливки 20%	125.5	Молочная продукция	2026-02-06 16:49:03.924797	Свежие сливки средней жирности, для десертов и кофе.	Молочные Реки	2026-02-20 07:10:58.625087
130	ART00130	612	Вафли с кремом	78.5	Выпечка	2026-02-10 17:24:20.808577	Хрустящие вафли с шоколадным кремом.	Хлебозавод №1	2026-02-20 07:10:58.627087
1	ART000001	698	Яблоки Голден	120.5	Фрукты	2026-02-06 16:49:03.910764	Свежие яблоки сладких сортов, идеально подходят для выпечки и употребления в свежем виде.	Агроторг Сервис	2026-02-20 07:10:58.660993
92	ART000092	612	Арбуз	89.5	Фрукты	2026-02-10 17:24:20.745781	Сладкий сочный арбуз, охлаждающий десерт.	Агроторг Сервис	2026-02-20 07:10:58.578223
137	ART00137	619	Осьминог свежий	1250	Рыба	2026-02-06 16:49:03.991484	Свежий осьминог, морепродукт премиум класса.	Рыбный Мир	2026-02-20 07:10:58.585774
79	ART000079	625	Сыр Камамбер	480	Молочная продукция	2026-02-06 16:49:03.947841	Французский сыр с белой плесенью, нежный вкус.	Молочные Реки	2026-02-20 07:10:58.677725
134	ART00134	638	Масло топленое	220	Молочная продукция	2026-02-06 16:49:03.988967	Топленое масло для жарки и выпечки.	Молочные Реки	2026-02-20 07:10:58.705467
118	ART00118	642	Сметана 20%	105.9	Молочная продукция	2026-02-06 16:49:03.976423	Жирная сметана для заправки и выпечки.	Молочные Реки	2026-02-20 07:10:58.70706
8	ART000008	641	Курица филе	320	Мясо	2026-02-06 16:49:03.890706	Свежее куриное филе без костей и кожи, отборное мясо для диетического питания.	Мясной Двор	2026-02-20 07:10:58.595293
114	ART00114	623	Торт Наполеон	420	Выпечка	2026-02-06 16:49:03.973424	Классический торт из слоеного теста с кремом.	Хлебозавод №1	2026-02-20 07:10:58.598404
63	ART000063	633	Сыр Чеддер	380	Молочная продукция	2026-02-06 16:49:03.936306	Английский твердый сыр с острым вкусом.	Молочные Реки	2026-02-20 07:10:58.600417
\.

--
-- TOC entry 5083 (class 0 OID 53656)
-- Dependencies: 246
-- Data for Name: skladtri; Type: TABLE DATA; Schema: public; Owner: postgres
--


COPY public.skladtri (id, akticul, count, name, price, category, created_at, description, supplier, updated_at) FROM stdin;
4	ART000004	609	Лимоны Турция	129.5	Фрукты	2026-02-06 16:49:03.550472	Ароматные лимоны с кислым освежающим вкусом.	Агроторг Сервис	2026-02-20 07:11:28.197699
11	ART000011	585	Хлеб Бородинский	68	Выпечка	2026-02-06 16:49:03.560507	Традиционный ржаной хлеб с кориандром, обладает насыщенным вкусом и ароматом.	Хлебозавод №1	2026-02-20 07:11:28.158456
31	ART000031	580	Сыр Моцарелла	380	Молочная продукция	2026-02-06 16:49:03.5906	Итальянский сыр для пиццы и салатов, с нежной текстурой.	Молочные Реки	2026-02-20 07:11:28.197699
101	ART00101	606	Свекла свежая	38.9	Овощи	2026-02-06 16:49:03.543454	Свежая свекла, богата витаминами.	ВкусВилл	2026-02-20 07:11:28.126522
23	ART000023	582	Сыр Гауда	420	Молочная продукция	2026-02-06 16:49:03.581585	Голландский полутвердый сыр с нежным ореховым вкусом.	Молочные Реки	2026-02-20 07:11:28.110724
16	ART000016	584	Свинина шейка	380	Мясо	2026-02-06 16:49:03.570541	Нежная свиная шейка, идеально подходит для шашлыка.	Мясной Двор	2026-02-20 07:11:28.228221
25	ART000025	574	Креветки тигровые	1250	Рыба	2026-02-06 16:49:03.584584	Крупные тигровые креветки, отлично подходят для гриля.	Рыбный Мир	2026-02-20 07:11:28.158456
19	ART000019	603	Сок яблочный	115.5	Напитки	2026-02-06 16:49:03.575553	Натуральный яблочный сок прямого отжима, богат витаминами.	НапиткиОпт	2026-02-20 07:11:28.238576
18	ART000018	596	Батон нарезной	48.5	Выпечка	2026-02-06 16:49:03.574554	Свежий пшеничный батон, нарезанный ломтиками.	Хлебозавод №1	2026-02-20 07:11:28.238576
6	ART000006	600	Молоко 3,2%	85	Молочная продукция	2026-02-06 16:49:03.552485	Свежее пастеризованное молоко с натуральной жирностью, от проверенного поставщика.	Молочные Реки	2026-02-20 07:11:28.207918
22	ART000022	605	Йогурт натуральный 3,2%	65.9	Молочная продукция	2026-02-06 16:49:03.580572	Натуральный йогурт без добавок, содержит живые бактерии.	Молочные Реки	2026-02-20 07:11:28.126522
28	ART000028	590	Персики	210	Фрукты	2026-02-06 16:49:03.588087	Сочные спелые персики с нежной мякотью.	Агроторг Сервис	2026-02-20 07:11:28.21802
27	ART000027	623	Вода минеральная	49.9	Напитки	2026-02-06 16:49:03.586584	Природная минеральная вода, богата полезными микроэлементами.	НапиткиОпт	2026-02-20 07:11:28.136064
17	ART000017	571	Форель свежая	890	Рыба	2026-02-06 16:49:03.572553	Свежая форель, выращенная в экологически чистых условиях.	Рыбный Мир	2026-02-20 07:11:28.115764
29	ART000029	616	Огурцы тепличные	120.5	Овощи	2026-02-06 16:49:03.541453	Свежие тепличные огурцы, хрустящие и сочные.	ВкусВилл	2026-02-20 07:11:28.207918
21	ART000021	605	Помидоры сливовидные	189.9	Овощи	2026-02-06 16:49:03.579067	Мясистые помидоры сливовидной формы, идеальны для соусов.	ВкусВилл	2026-02-20 07:11:28.177346
15	ART000015	592	Сметана 15%	89.9	Молочная продукция	2026-02-06 16:49:03.569035	Натуральная сметана средней жирности, идеальна для заправки.	Молочные Реки	2026-02-20 07:11:28.149549
24	ART000024	581	Индейка грудка	340	Мясо	2026-02-06 16:49:03.582585	Диетическое филе индейки, нежное мясо с низким содержанием жира.	Мясной Двор	2026-02-20 07:11:28.248681
10	ART000010	570	Лосось Норвегия	1250	Рыба	2026-02-06 16:49:03.557992	Свежий норвежский лосось, богат омега-3 жирными кислотами и белком.	Рыбный Мир	2026-02-20 07:11:28.149549
20	ART000020	612	Груши Конференция	145.2	Фрукты	2026-02-06 16:49:03.576553	Сладкие и сочные груши сорта Конференция.	Агроторг Сервис	2026-02-20 07:11:28.149549
12	ART000012	597	Сок апельсиновый	129.9	Напитки	2026-02-06 16:49:03.562523	Натуральный апельсиновый сок прямого отжима, без добавления сахара и консервантов.	НапиткиОпт	2026-02-20 07:11:28.115764
9	ART000009	581	Говядина вырезка	650	Мясо	2026-02-06 16:49:03.556485	Премиальная говяжья вырезка для стейков, нежная и сочная.	Мясной Двор	2026-02-20 07:11:28.190155
5	ART000005	628	Морковь мытая	78.4	Овощи	2026-02-06 16:49:03.548966	Свежая мытая морковь, готова к употреблению, содержит бета-каротин и витамины.	ВкусВилл	2026-02-20 07:11:28.207918
8	ART000008	589	Курица филе	320	Мясо	2026-02-06 16:49:03.555485	Свежее куриное филе без костей и кожи, отборное мясо для диетического питания.	Мясной Двор	2026-02-20 07:11:28.136064
30	ART000030	597	Ряженка 3,2%	75.9	Молочная продукция	2026-02-06 16:49:03.589094	Традиционный кисломолочный напиток с нежным вкусом.	Молочные Реки	2026-02-20 07:11:28.115764
26	ART000026	619	Булка сдобная	35.9	Выпечка	2026-02-06 16:49:03.585584	Сдобная булка с золотистой корочкой, мягкая и ароматная.	Хлебозавод №1	2026-02-20 07:11:28.158456
32	ART000032	575	Баранина для плова	520	Мясо	2026-02-06 16:49:03.591612	Специально нарезанная баранина для приготовления плова.	Мясной Двор	2026-02-20 07:11:28.1567
37	ART000037	651	Лук репчатый	42.8	Овощи	2026-02-06 16:49:03.599122	Свежий репчатый лук, основной ингредиент для многих блюд.	ВкусВилл	2026-02-20 07:11:28.174308
66	ART000066	606	Хлебцы ржаные	89.9	Выпечка	2026-02-06 16:49:03.635717	Диетические ржаные хлебцы, хрустящие и полезные.	Хлебозавод №1	2026-02-20 07:11:28.149549
58	ART000058	600	Пирожок с капустой	45	Выпечка	2026-02-06 16:49:03.625687	Сдобный пирожок с начинкой из тушеной капусты.	Хлебозавод №1	2026-02-20 07:11:28.205887
45	ART000045	616	Капуста белокочанная	45.8	Овощи	2026-02-06 16:49:03.610658	Свежая белокочанная капуста, хрустящая и сочная.	ВкусВилл	2026-02-20 07:11:28.167125
59	ART000059	618	Газировка Кола	89.9	Напитки	2026-02-06 16:49:03.626688	Классический газированный напиток Кола.	НапиткиОпт	2026-02-20 07:11:28.167125
51	ART000051	597	Какао-напиток	135	Напитки	2026-02-06 16:49:03.617177	Горячий шоколадный напиток для детей и взрослых.	НапиткиОпт	2026-02-20 07:11:28.167125
41	ART000041	581	Сельдь соленая	189.9	Рыба	2026-02-06 16:49:03.605638	Соленая сельдь пряного посола, отличная закуска.	Рыбный Мир	2026-02-20 07:11:28.126522
63	ART000063	581	Сыр Чеддер	380	Молочная продукция	2026-02-06 16:49:03.630705	Английский твердый сыр с острым вкусом.	Молочные Реки	2026-02-20 07:11:28.142368
53	ART000053	612	Чеснок свежий	89.9	Овощи	2026-02-06 16:49:03.619689	Ароматный свежий чеснок, усилитель вкуса блюд.	ВкусВилл	2026-02-20 07:11:28.205887
44	ART000044	603	Киви	165.5	Фрукты	2026-02-06 16:49:03.609151	Спелые киви с кисло-сладким вкусом, богаты витамином С.	Агроторг Сервис	2026-02-20 07:11:28.190155
50	ART000050	592	Круассан с шоколадом	75	Выпечка	2026-02-06 16:49:03.616179	Слоеный круассан с начинкой из шоколада.	Хлебозавод №1	2026-02-20 07:11:28.221685
56	ART000056	571	Утка тушка	580	Мясо	2026-02-06 16:49:03.623688	Целая тушка утки для праздничного стола.	Мясной Двор	2026-02-20 07:11:28.157796
47	ART000047	576	Сыр Пармезан	650	Молочная продукция	2026-02-06 16:49:03.612669	Итальянский твердый сыр с насыщенным вкусом.	Молочные Реки	2026-02-20 07:11:28.197699
48	ART000048	578	Телятина вырезка	720	Мясо	2026-02-06 16:49:03.613668	Нежная телятина, идеальна для диетического питания.	Мясной Двор	2026-02-20 07:11:28.158456
54	ART000054	603	Молоко 2,5%	78.5	Молочная продукция	2026-02-06 16:49:03.620688	Пастеризованное молоко с пониженной жирностью.	Молочные Реки	2026-02-20 07:11:28.115764
49	ART000049	573	Мидии свежие	680	Рыба	2026-02-06 16:49:03.614669	Свежие мидии, отличный источник белка и микроэлементов.	Рыбный Мир	2026-02-20 07:11:28.1464
40	ART000040	573	Кролик тушка	680	Мясо	2026-02-06 16:49:03.603637	Нежное диетическое мясо кролика, целая тушка.	Мясной Двор	2026-02-20 07:11:28.197699
52	ART000052	626	Мандарины	155.8	Фрукты	2026-02-06 16:49:03.618688	Сладкие мандарины, символ Нового года.	Агроторг Сервис	2026-02-20 07:11:28.187448
35	ART000035	583	Кофе зерновой	890	Напитки	2026-02-06 16:49:03.596612	Свежеобжаренный зерновой кофе премиум класса.	НапиткиОпт	2026-02-20 07:11:28.149549
36	ART000036	586	Виноград зеленый	280	Фрукты	2026-02-06 16:49:03.598115	Сладкий зеленый виноград без косточек.	Агроторг Сервис	2026-02-20 07:11:28.126522
46	ART000046	587	Сливки 20%	125.5	Молочная продукция	2026-02-06 16:49:03.611668	Свежие сливки средней жирности, для десертов и кофе.	Молочные Реки	2026-02-20 07:11:28.1464
57	ART000057	580	Скумбрия свежая	280	Рыба	2026-02-06 16:49:03.624689	Свежая скумбрия, отлично подходит для запекания.	Рыбный Мир	2026-02-20 07:11:28.197699
55	ART000055	575	Сыр Бри	520	Молочная продукция	2026-02-06 16:49:03.622687	Французский мягкий сыр с белой плесенью.	Молочные Реки	2026-02-20 07:11:28.115764
64	ART000064	583	Говяжья грудинка	420	Мясо	2026-02-06 16:49:03.632719	Говяжья грудинка для супов и тушения.	Мясной Двор	2026-02-20 07:11:28.221685
43	ART000043	590	Чай зеленый	220	Напитки	2026-02-06 16:49:03.606638	Ароматный зеленый чай высшего сорта.	НапиткиОпт	2026-02-20 07:11:28.149549
65	ART000065	573	Тунец стейк	950	Рыба	2026-02-06 16:49:03.634719	Стейк из тунца, богат белком и полезными жирами.	Рыбный Мир	2026-02-20 07:11:28.126522
60	ART000060	594	Нектарины	195.5	Фрукты	2026-02-06 16:49:03.628193	Сладкие нектарины с гладкой кожицей.	Агроторг Сервис	2026-02-20 07:11:28.149549
34	ART000034	592	Пончики с сахарной пудрой	65	Выпечка	2026-02-06 16:49:03.595611	Воздушные пончики в сахарной пудре, нежное лакомство.	Хлебозавод №1	2026-02-20 07:11:28.197699
62	ART000062	594	Кефир 3,2%	85.9	Молочная продукция	2026-02-06 16:49:03.6292	Кефир повышенной жирности с насыщенным вкусом.	Молочные Реки	2026-02-20 07:11:28.1464
77	ART000077	610	Кабачки	95.8	Овощи	2026-02-06 16:49:03.646748	Молодые кабачки, нежные и сочные.	ВкусВилл	2026-02-20 07:11:28.136064
67	ART000067	601	Сок мультифрукт	139.9	Напитки	2026-02-06 16:49:03.636718	Сок из смеси фруктов, насыщенный витаминами.	НапиткиОпт	2026-02-20 07:11:28.197699
68	ART000068	606	Слива синяя	135.5	Фрукты	2026-02-06 16:49:03.638224	Сладкие синие сливы с сочной мякотью.	Агроторг Сервис	2026-02-20 07:11:28.238576
100	ART00100	575	Дыня	195.5	Фрукты	2026-02-06 16:49:03.671397	Сладкая сочная дыня с ароматной мякотью.	Агроторг Сервис	2026-02-20 07:11:28.207918
79	ART000079	573	Сыр Камамбер	480	Молочная продукция	2026-02-06 16:49:03.649259	Французский сыр с белой плесенью, нежный вкус.	Молочные Реки	2026-02-20 07:11:28.207918
103	ART00103	578	Сыр Рикотта	280	Молочная продукция	2026-02-06 16:49:03.673397	Итальянский мягкий сыр для десертов.	Молочные Реки	2026-02-20 07:11:28.126522
98	ART000098	600	Печенье овсяное	85.5	Выпечка	2026-02-06 16:49:03.670387	Полезное овсяное печенье с изюмом.	Хлебозавод №1	2026-02-20 07:11:28.158456
72	ART000072	587	Свиные ребрышки	350	Мясо	2026-02-06 16:49:03.642748	Свиные ребрышки для гриля и запекания.	Мясной Двор	2026-02-20 07:11:28.221685
96	ART000096	589	Свиной фарш	320	Мясо	2026-02-06 16:49:03.667875	Свежий свиной фарш для пельменей и котлет.	Мясной Двор	2026-02-20 07:11:28.177346
86	ART000086	606	Молоко 1,5%	72.5	Молочная продукция	2026-02-06 16:49:03.657777	Обезжиренное пастеризованное молоко.	Молочные Реки	2026-02-20 07:11:28.115764
82	ART000082	604	Булочка с маком	42.5	Выпечка	2026-02-06 16:49:03.653777	Сдобная булочка с маковой посыпкой.	Хлебозавод №1	2026-02-20 07:11:28.177346
85	ART000085	589	Тыква	68.9	Овощи	2026-02-06 16:49:03.656777	Сладкая тыква для каш и пирогов.	ВкусВилл	2026-02-20 07:11:28.21802
83	ART000083	590	Энергетик	129.9	Напитки	2026-02-06 16:49:03.654776	Энергетический напиток для бодрости.	НапиткиОпт	2026-02-20 07:11:28.21802
84	ART000084	597	Грейпфрут	125.5	Фрукты	2026-02-06 16:49:03.655777	Свежий грейпфрут с горьковато-сладким вкусом.	Агроторг Сервис	2026-02-20 07:11:28.167125
97	ART000097	580	Треска свежая	420	Рыба	2026-02-06 16:49:03.668881	Свежая треска, диетическое белое мясо.	Рыбный Мир	2026-02-20 07:11:28.142368
80	ART000080	592	Куриные крылышки	280	Мясо	2026-02-06 16:49:03.650764	Куриные крылышки для жарки и гриля.	Мясной Двор	2026-02-20 07:11:28.177346
95	ART000095	586	Сыр Адыгейский	290	Молочная продукция	2026-02-06 16:49:03.666369	Мягкий рассольный сыр с нежным вкусом.	Молочные Реки	2026-02-20 07:11:28.126522
81	ART000081	575	Щука свежая	380	Рыба	2026-02-06 16:49:03.651776	Свежая щука, отлично подходит для ухи.	Рыбный Мир	2026-02-20 07:11:28.207918
99	ART000099	606	Сок томатный	99.9	Напитки	2026-02-06 16:49:03.670387	Натуральный томатный сок, богат ликопином.	НапиткиОпт	2026-02-20 07:11:28.149549
88	ART000088	584	Говяжий фарш	380	Мясо	2026-02-06 16:49:03.660356	Свежий говяжий фарш для котлет и фрикаделек.	Мясной Двор	2026-02-20 07:11:28.221685
70	ART000070	586	Творог 9%	165.5	Молочная продукция	2026-02-06 16:49:03.640738	Творог средней жирности, нежный и вкусный.	Молочные Реки	2026-02-20 07:11:28.136064
105	ART00105	576	Семга слабосоленая	850	Рыба	2026-02-06 16:49:03.676398	Слабосоленая семга для бутербродов.	Рыбный Мир	2026-02-20 07:11:28.167125
102	ART00102	590	Творожная масса	125.5	Молочная продукция	2026-02-06 16:49:03.672397	Сладкая творожная масса с изюмом.	Молочные Реки	2026-02-20 07:11:28.237444
78	ART000078	599	Простокваша	65.9	Молочная продукция	2026-02-06 16:49:03.648258	Традиционный кисломолочный напиток.	Молочные Реки	2026-02-20 07:11:28.110724
87	ART000087	583	Сыр Сулугуни	310	Молочная продукция	2026-02-06 16:49:03.658851	Грузинский рассольный сыр, упругий и соленый.	Молочные Реки	2026-02-20 07:11:28.221685
75	ART000075	612	Лимонад	79.9	Напитки	2026-02-06 16:49:03.645748	Освежающий лимонад с натуральным вкусом.	НапиткиОпт	2026-02-20 07:11:28.110724
74	ART000074	595	Слойка с яблоком	55	Выпечка	2026-02-06 16:49:03.644748	Слоеное тесто с начинкой из яблок.	Хлебозавод №1	2026-02-20 07:11:28.190155
104	ART00104	594	Куриные бедра	290	Мясо	2026-02-06 16:49:03.675399	Куриные бедра с кожей, сочные и ароматные.	Мясной Двор	2026-02-20 07:11:28.248681
93	ART000093	614	Редис	78.9	Овощи	2026-02-06 16:49:03.665367	Свежий редис с острым вкусом, для салатов.	ВкусВилл	2026-02-20 07:11:28.207918
94	ART000094	611	Йогурт питьевой	55.9	Молочная продукция	2026-02-06 16:49:03.666369	Питьевой йогурт с фруктовым вкусом.	Молочные Реки	2026-02-20 07:11:28.126522
73	ART000073	576	Окунь морской	520	Рыба	2026-02-06 16:49:03.643748	Свежий морской окунь, нежное белое мясо.	Рыбный Мир	2026-02-20 07:11:28.207918
106	ART00106	597	Кекс маковый	65	Выпечка	2026-02-06 16:49:03.676398	Сдобный кекс с маковой начинкой.	Хлебозавод №1	2026-02-20 07:11:28.163993
131	ART00131	600	Сок морковный	105.5	Напитки	2026-02-06 16:49:03.698975	Натуральный морковный сок, богат каротином.	НапиткиОпт	2026-02-20 07:11:28.136064
128	ART00128	584	Сало соленое	220	Мясо	2026-02-06 16:49:03.697966	Соленое сало с чесноком и специями.	Мясной Двор	2026-02-20 07:11:28.167125
141	ART00141	619	Зелень петрушки	45.8	Овощи	2026-02-06 16:49:03.718049	Свежая петрушка, ароматная приправа.	ВкусВилл	2026-02-20 07:11:28.177346
125	ART00125	594	Цветная капуста	115.8	Овощи	2026-02-06 16:49:03.694463	Свежая цветная капуста, диетический продукт.	ВкусВилл	2026-02-20 07:11:28.115764
108	ART00108	586	Манго	245.5	Фрукты	2026-02-06 16:49:03.678912	Экзотический манго с нежной мякотью.	Агроторг Сервис	2026-02-20 07:11:28.136064
136	ART00136	573	Говяжий язык	580	Мясо	2026-02-06 16:49:03.712532	Отварной говяжий язык, деликатес.	Мясной Двор	2026-02-20 07:11:28.238576
129	ART00129	576	Камбала свежая	380	Рыба	2026-02-06 16:49:03.698975	Свежая камбала, нежное плоское мясо.	Рыбный Мир	2026-02-20 07:11:28.167125
127	ART00127	580	Сыр Маасдам	390	Молочная продукция	2026-02-06 16:49:03.696461	Голландский сыр с крупными дырками.	Молочные Реки	2026-02-20 07:11:28.238576
113	ART00113	570	Икра красная	1850	Рыба	2026-02-06 16:49:03.684434	Красная икра лососевых рыб, деликатес.	Рыбный Мир	2026-02-20 07:11:28.126522
126	ART00126	589	Творог 0%	135.5	Молочная продукция	2026-02-06 16:49:03.695461	Обезжиренный творог, богат белком.	Молочные Реки	2026-02-20 07:11:28.167125
119	ART00119	581	Сыр Эдам	360	Молочная продукция	2026-02-06 16:49:03.688945	Голландский сыр в красной парафиновой оболочке.	Молочные Реки	2026-02-20 07:11:28.163993
138	ART00138	599	Рогалик с корицей	55	Выпечка	2026-02-06 16:49:03.715533	Сдобный рогалик с коричной посыпкой.	Хлебозавод №1	2026-02-20 07:11:28.167125
137	ART00137	568	Осьминог свежий	1250	Рыба	2026-02-06 16:49:03.713532	Свежий осьминог, морепродукт премиум класса.	Рыбный Мир	2026-02-20 07:11:28.110724
109	ART00109	592	Шпинат свежий	135.8	Овощи	2026-02-06 16:49:03.680417	Свежий шпинат, богат железом и витаминами.	ВкусВилл	2026-02-20 07:11:28.177346
117	ART00117	597	Сельдерей стебли	125.8	Овощи	2026-02-06 16:49:03.686433	Стебли сельдерея, хрустящие и ароматные.	ВкусВилл	2026-02-20 07:11:28.115764
145	ART00145	571	Устрицы свежие	850	Рыба	2026-02-06 16:49:03.721594	Свежие устрицы, морской деликатес.	Рыбный Мир	2026-02-20 07:11:28.228221
122	ART00122	587	Пряник тульский	95	Выпечка	2026-02-06 16:49:03.691462	Знаменитый тульский пряник с глазурью.	Хлебозавод №1	2026-02-20 07:11:28.190155
112	ART00112	580	Колбаса сырокопченая	480	Мясо	2026-02-06 16:49:03.683434	Сырокопченая колбаса высшего сорта.	Мясной Двор	2026-02-20 07:11:28.115764
118	ART00118	589	Сметана 20%	105.9	Молочная продукция	2026-02-06 16:49:03.687937	Жирная сметана для заправки и выпечки.	Молочные Реки	2026-02-20 07:11:28.238576
143	ART00143	581	Сыр Пепперони	340	Молочная продукция	2026-02-06 16:49:03.720582	Сыр с добавлением острого перца.	Молочные Реки	2026-02-20 07:11:28.141776
115	ART00115	608	Компот вишневый	89.9	Напитки	2026-02-06 16:49:03.686433	Натуральный вишневый компот.	НапиткиОпт	2026-02-20 07:11:28.21802
121	ART00121	592	Крабовые палочки	185.5	Рыба	2026-02-06 16:49:03.690451	Крабовые палочки из сурими.	Рыбный Мир	2026-02-20 07:11:28.228221
134	ART00134	586	Масло топленое	220	Молочная продукция	2026-02-06 16:49:03.703496	Топленое масло для жарки и выпечки.	Молочные Реки	2026-02-20 07:11:28.238576
114	ART00114	571	Торт Наполеон	420	Выпечка	2026-02-06 16:49:03.685433	Классический торт из слоеного теста с кремом.	Хлебозавод №1	2026-02-20 07:11:28.142368
123	ART00123	604	Сок виноградный	119.9	Напитки	2026-02-06 16:49:03.692461	Натуральный виноградный сок прямого отжима.	НапиткиОпт	2026-02-20 07:11:28.228221
135	ART00135	575	Сыр Горгонзола	480	Молочная продукция	2026-02-06 16:49:03.711533	Итальянский сыр с голубой плесенью.	Молочные Реки	2026-02-20 07:11:28.187448
142	ART00142	597	Йогурт греческий	89.9	Молочная продукция	2026-02-06 16:49:03.719076	Греческий йогурт с густой консистенцией.	Молочные Реки	2026-02-20 07:11:28.197699
111	ART00111	573	Сыр Дор Блю	520	Молочная продукция	2026-02-06 16:49:03.682432	Французский сыр с голубой плесенью.	Молочные Реки	2026-02-20 07:11:28.163993
124	ART00124	589	Гранат	189.5	Фрукты	2026-02-06 16:49:03.693462	Спелый гранат с рубиновыми зернами.	Агроторг Сервис	2026-02-20 07:11:28.228221
120	ART00120	583	Ветчина	380	Мясо	2026-02-06 16:49:03.688945	Вареная ветчина высшего сорта.	Мясной Двор	2026-02-20 07:11:28.221685
144	ART00144	589	Куриная печень	180	Мясо	2026-02-06 16:49:03.720582	Свежая куриная печень, богата железом.	Мясной Двор	2026-02-20 07:11:28.207918
110	ART00110	581	Молоко козье	195.5	Молочная продукция	2026-02-06 16:49:03.681433	Натуральное козье молоко, легко усваивается.	Молочные Реки	2026-02-20 07:11:28.126522
139	ART00139	594	Сок гранатовый	165.5	Напитки	2026-02-06 16:49:03.717049	Натуральный гранатовый сок, богат антиоксидантами.	НапиткиОпт	2026-02-20 07:11:28.228221
39	ART000039	584	Сыр Российский	350	Молочная продукция	2026-02-06 16:49:03.602637	Традиционный полутвердый сыр, универсальный в использовании.	Молочные Реки	2026-02-20 07:11:28.149549
76	ART000076	586	Абрикосы	175.5	Фрукты	2026-02-06 16:49:03.726595	Спелые абрикосы с бархатистой кожицей.	Агроторг Сервис	2026-02-20 07:11:28.238576
130	ART00130	562	Вафли с кремом	78.5	Выпечка	2026-02-10 17:24:50.749768	Хрустящие вафли с шоколадным кремом.	Хлебозавод №1	2026-02-20 07:11:28.158456
13	ART000013	657	Картофель мытый	55.3	Овощи	2026-02-06 16:49:03.564522	Мытый картофель, готов к приготовлению, отборные клубни.	ВкусВилл	2026-02-20 07:11:28.177346
116	ART00116	550	Ананас	325.5	Фрукты	2026-02-06 16:49:03.729109	Свежий ананас с сочной мякотью.	Агроторг Сервис	2026-02-20 07:11:28.228221
2	ART000002	613	Апельсины Марокко	145.8	Фрукты	2026-02-06 16:49:03.731627	Сочные марокканские апельсины, богаты витамином С.	Агроторг Сервис	2026-02-20 07:11:28.238576
132	ART00132	584	Инжир свежий	265.5	Фрукты	2026-02-06 16:49:03.700483	Свежий инжир с медовым вкусом.	Агроторг Сервис	2026-02-20 07:11:28.221685
61	ART000061	595	Баклажаны	145.8	Овощи	2026-02-06 16:49:03.631715	Свежие баклажаны, идеальны для рагу и запекания.	ВкусВилл	2026-02-20 07:11:28.205887
89	ART000089	578	Карп свежий	320	Рыба	2026-02-06 16:49:03.662369	Свежий карп, популярная речная рыба.	Рыбный Мир	2026-02-20 07:11:28.207918
148	ART00148	587	Хурма	165.5	Фрукты	2026-02-06 16:49:03.723593	Сладкая хурма с нежной мякотью.	Агроторг Сервис	2026-02-20 07:11:28.238576
71	ART000071	580	Сыр Фета	320	Молочная продукция	2026-02-06 16:49:03.641748	Греческий сыр из овечьего молока, солоноватый вкус.	Молочные Реки	2026-02-20 07:11:28.221685
146	ART00146	580	Бисквит классический	120	Выпечка	2026-02-06 16:49:03.728101	Воздушный бисквит для тортов.	Хлебозавод №1	2026-02-20 07:11:28.190155
133	ART00133	590	Брокколи	145.8	Овощи	2026-02-06 16:49:03.701496	Свежая брокколи, суперфуд с витаминами.	ВкусВилл	2026-02-20 07:11:28.228221
147	ART00147	601	Сок персиковый	135.5	Напитки	2026-02-06 16:49:03.722594	Натуральный персиковый сок с мякотью.	НапиткиОпт	2026-02-20 07:11:28.238576
14	ART000014	587	Творог 5%	145.5	Молочная продукция	2026-02-06 16:49:03.545453	Нежный творог с пониженной жирностью, богат белком.	Молочные Реки	2026-02-20 07:11:28.115764
7	ART000007	592	Кефир 2,5%	79.9	Молочная продукция	2026-02-06 16:49:03.553485	Натуральный кефир с живыми бактериями, способствует улучшению пищеварения.	Молочные Реки	2026-02-20 07:11:28.174308
33	ART000033	578	Кальмары свежие	450	Рыба	2026-02-06 16:49:03.593613	Свежие кальмары, отличный источник белка.	Рыбный Мир	2026-02-20 07:11:28.158456
3	ART000003	629	Бананы Эквадор	89.9	Фрукты	2026-02-06 16:49:03.566521	Спелые бананы с насыщенным сладким вкусом.	Агроторг Сервис	2026-02-20 07:11:28.136064
38	ART000038	589	Масло сливочное 82,5%	189.9	Молочная продукция	2026-02-06 16:49:03.601637	Натуральное сливочное масло высшего сорта.	Молочные Реки	2026-02-20 07:11:28.110724
107	ART00107	603	Морс клюквенный	115.5	Напитки	2026-02-06 16:49:03.677904	Натуральный клюквенный морс, богат витаминами.	НапиткиОпт	2026-02-20 07:11:28.207918
90	ART000090	592	Пирожное Картошка	45	Выпечка	2026-02-06 16:49:03.663369	Десертное пирожное в форме картошки.	Хлебозавод №1	2026-02-20 07:11:28.228221
91	ART000091	616	Квас	89.9	Напитки	2026-02-06 16:49:03.664367	Традиционный русский хлебный квас.	НапиткиОпт	2026-02-20 07:11:28.142368
42	ART000042	594	Багель с кунжутом	55.5	Выпечка	2026-02-06 16:49:03.729109	Классический багель посыпанный кунжутом.	Хлебозавод №1	2026-02-20 07:11:28.238576
140	ART00140	571	Авокадо	185.5	Фрукты	2026-02-06 16:49:03.730614	Спелый авокадо с маслянистой мякотью.	Агроторг Сервис	2026-02-20 07:11:28.228221
69	ART000069	603	Перец болгарский	165.8	Овощи	2026-02-06 16:49:03.639232	Свежий болгарский перец разных цветов.	ВкусВилл	2026-02-20 07:11:28.142368
149	ART00149	622	Укроп свежий	42.8	Овощи	2026-02-06 16:49:03.725594	Свежий укроп, ароматная зелень для блюд.	ВкусВилл	2026-02-20 07:11:28.115764
92	ART000092	562	Арбуз	89.5	Фрукты	2026-02-10 17:24:50.702682	Сладкий сочный арбуз, охлаждающий десерт.	Агроторг Сервис	2026-02-20 07:11:28.115764
1	ART000001	642	Яблоки Голден	120.5	Фрукты	2026-02-06 16:49:03.546454	Свежие яблоки сладких сортов, идеально подходят для выпечки и употребления в свежем виде.	Агроторг Сервис	2026-02-20 07:11:28.197699
150	ART00150	610	Мороженое пломбир	89.9	Молочная продукция	2026-02-06 16:49:03.726595	Классический пломбир из натуральных ингредиентов.	Молочные Реки	2026-02-20 07:11:28.126522
\.

--
-- TOC entry 5070 (class 0 OID 53501)
-- Dependencies: 233
-- Data for Name: transactions; Type: TABLE DATA; Schema: public; Owner: postgres
--


COPY public.transactions (id, cancelled_at, client_decision, client_id, client_notified_at, client_responded_at, collector_id, completed_at, created_at, estimated_completion_time, metadata, missing_items, office_notes, office_problem_id, order_id, pause_reason, paused_at, resumed_at, scanned_items, started_at, status, timeout_minutes, updated_at, version) FROM stdin;
\.

--
-- TOC entry 5074 (class 0 OID 53521)
-- Dependencies: 237
-- Data for Name: user_sessions; Type: TABLE DATA; Schema: public; Owner: postgres
--


COPY public.user_sessions (id, client_token, created_at, expires_at, ip_address, is_active, jwt_token, session_uuid, user_agent, user_id) FROM stdin;
226	auth-bef849f8-6e53-4acf-834d-d0f7beeb0a5a	2026-02-19 07:43:45.7359	2026-02-20 07:43:45.729304	\N	f	eyJhbGciOiJIUzI1NiJ9.eyJmaXJzdG5hbWUiOiJjbGllbnQiLCJyb2xlIjoiQ0xJRU5UIiwic2Vzc2lvbklkIjoiYmVmODQ5ZjgtNmU1My00YWNmLTgzNGQtZDBmN2JlZWIwYTVhIiwidXNlcklkIjoyMiwiZW1haWwiOiJjbGllbnRAbWFpbC5ydSIsInN0YXR1cyI6ImFjdGl2ZSIsInN1YiI6ImNsaWVudCIsImlhdCI6MTc3MTQ2OTAyNSwiZXhwIjoxNzcxNTU1NDI1fQ.F81s8ejw2Q6SYrMi4y7n_CJcYXmuE_a7aO55vk6RAEE	bef849f8-6e53-4acf-834d-d0f7beeb0a5a	\N	22
229	auth-923cf784-e9b7-4f73-93a3-68f4bacf4e29	2026-02-20 07:06:35.451589	2026-02-21 07:06:35.441278	\N	t	eyJhbGciOiJIUzI1NiJ9.eyJmaXJzdG5hbWUiOiJjbGllbnQiLCJyb2xlIjoiQ0xJRU5UIiwic2Vzc2lvbklkIjoiOTIzY2Y3ODQtZTliNy00ZjczLTkzYTMtNjhmNGJhY2Y0ZTI5IiwidXNlcklkIjoyMiwiZW1haWwiOiJjbGllbnRAbWFpbC5ydSIsInN0YXR1cyI6ImFjdGl2ZSIsInN1YiI6ImNsaWVudCIsImlhdCI6MTc3MTU1MzE5NSwiZXhwIjoxNzcxNjM5NTk1fQ.xZ15gu2FrC-MZ33000Dk6Z1AyxyO19R1TPqoaUOSI04	923cf784-e9b7-4f73-93a3-68f4bacf4e29	\N	22
227	auth-f5ab2842-3052-476d-a568-659aba508e80	2026-02-19 08:07:31.364898	2026-02-20 08:07:31.357388	\N	t	eyJhbGciOiJIUzI1NiJ9.eyJmaXJzdG5hbWUiOiJza2xhZHRyaSIsInJvbGUiOiJDTElFTlQiLCJzZXNzaW9uSWQiOiJmNWFiMjg0Mi0zMDUyLTQ3NmQtYTU2OC02NTlhYmE1MDhlODAiLCJ1c2VySWQiOjMwLCJlbWFpbCI6InNrbGFkdHJpQG1haWwucnUiLCJzdGF0dXMiOiJhY3RpdmUiLCJzdWIiOiJza2xhZHRyaSIsImlhdCI6MTc3MTQ3MDQ1MSwiZXhwIjoxNzcxNTU2ODUxfQ.7p7FiuAbo2SpOTLImSVPhd5xAXJ-80XSFsM3eT9aStQ	f5ab2842-3052-476d-a568-659aba508e80	\N	30
224	auth-a8746c67-9df8-4ea8-b995-b791c3231ce6	2026-02-19 07:30:52.860939	2026-02-20 07:30:52.850931	\N	f	eyJhbGciOiJIUzI1NiJ9.eyJmaXJzdG5hbWUiOiJza2xhZHRyaSIsInJvbGUiOiJDTElFTlQiLCJzZXNzaW9uSWQiOiJhODc0NmM2Ny05ZGY4LTRlYTgtYjk5NS1iNzkxYzMyMzFjZTYiLCJ1c2VySWQiOjMwLCJlbWFpbCI6InNrbGFkdHJpQG1haWwucnUiLCJzdGF0dXMiOiJhY3RpdmUiLCJzdWIiOiJza2xhZHRyaSIsImlhdCI6MTc3MTQ2ODI1MiwiZXhwIjoxNzcxNTU0NjUyfQ.O0VPrPnvbpaQvYb92e12TF-lbcziYS2Da4qLaps0FC4	a8746c67-9df8-4ea8-b995-b791c3231ce6	\N	30
225	auth-65d12991-a625-450f-b633-1fb3882c9910	2026-02-19 07:30:55.45316	2026-02-20 07:30:55.453161	\N	f	eyJhbGciOiJIUzI1NiJ9.eyJmaXJzdG5hbWUiOiJjbGllbnQiLCJyb2xlIjoiQ0xJRU5UIiwic2Vzc2lvbklkIjoiNjVkMTI5OTEtYTYyNS00NTBmLWI2MzMtMWZiMzg4MmM5OTEwIiwidXNlcklkIjoyMiwiZW1haWwiOiJjbGllbnRAbWFpbC5ydSIsInN0YXR1cyI6ImFjdGl2ZSIsInN1YiI6ImNsaWVudCIsImlhdCI6MTc3MTQ2ODI1NSwiZXhwIjoxNzcxNTU0NjU1fQ.AE835j0Qd-zdzNDmaRGC_OiJh166a96J91u5defoGzg	65d12991-a625-450f-b633-1fb3882c9910	\N	22
228	auth-cb043c2e-36f8-43f3-bed0-3cc88abe7e7e	2026-02-19 09:16:19.423998	2026-02-20 09:16:19.414647	\N	f	eyJhbGciOiJIUzI1NiJ9.eyJmaXJzdG5hbWUiOiJjbGllbnQiLCJyb2xlIjoiQ0xJRU5UIiwic2Vzc2lvbklkIjoiY2IwNDNjMmUtMzZmOC00M2YzLWJlZDAtM2NjODhhYmU3ZTdlIiwidXNlcklkIjoyMiwiZW1haWwiOiJjbGllbnRAbWFpbC5ydSIsInN0YXR1cyI6ImFjdGl2ZSIsInN1YiI6ImNsaWVudCIsImlhdCI6MTc3MTQ3NDU3OSwiZXhwIjoxNzcxNTYwOTc5fQ.NIPIggYNg6d2dOaizzvopwGzmm5Q_kP-JiZFoeyM3mU	cb043c2e-36f8-43f3-bed0-3cc88abe7e7e	\N	22
\.

--
-- TOC entry 5076 (class 0 OID 53550)
-- Dependencies: 239
-- Data for Name: users; Type: TABLE DATA; Schema: public; Owner: postgres
--


COPY public.users (id, username, password, firstname, age, city, mag, email, status, created_at, updated_at, role) FROM stdin;
3	petrova_a	qwerty	Анна	28	Санкт-Петербург	\N	anna.p@yandex.ru	active	2023-02-20 09:15:00	2024-02-28 11:45:00	user
4	sidorov_m	mypass1	Михаил	42	Новосибирск	\N	m.sidorov@gmail.com	inactive	2022-11-05 16:40:00	2023-12-01 13:10:00	user
5	kuznetsova	kuz2023	Елена	25	Екатеринбург	\N	elena.k@mail.ru	active	2024-01-10 12:00:00	2024-05-15 09:30:00	user
6	alex_vol	volga99	Алексей	37	Казань	\N	alexvol@ya.ru	banned	2023-05-18 14:25:00	2024-04-22 17:05:00	user
7	mary_s	sunshine	Мария	22	Ростов-на-Дону	\N	mary.sweet@mail.com	active	2024-03-05 08:45:00	2024-06-20 10:15:00	user
8	dmitry_k	dk77777	Дмитрий	45	Краснодар	\N	dmitry.k@inbox.ru	active	2022-09-30 11:20:00	2024-01-12 15:40:00	user
9	olga_nova	november	Ольга	29	Воронеж	\N	olga.nova@yandex.ru	inactive	2023-08-12 13:50:00	2024-02-14 12:25:00	user
10	sergey_t	tiger88	Сергей	33	Самара	\N	s.tikhonov@gmail.com	active	2023-11-25 10:05:00	2024-07-01 14:50:00	user
11	natasha_z	zvezda	Наталья	26	Уфа	\N	nata.z@mail.ru	active	2024-02-14 09:30:00	2024-06-10 16:20:00	user
12	andrey_v	av123456	Андрей	39	Омск	\N	andrey.v@ya.ru	pending	2023-07-07 15:15:00	2023-10-30 11:10:00	user
13	ekaterina	katya2024	Екатерина	24	\N	Ашан	katerina.p@mail.com	active	2024-04-01 12:40:00	2024-08-15 09:25:00	user
15	irina_m	irishka	Ирина	31	Пермь	\N	irina.m@yandex.ru	banned	2023-04-22 14:10:00	2024-05-30 17:30:00	user
16	pavel_g	pg9090	Павел	27	Волгоград	\N	pavel.g@gmail.com	active	2023-10-08 11:55:00	2024-07-20 10:40:00	user
17	svetlana	sveta88	Светлана	35	Саратов	\N	svetlana.k@mail.ru	inactive	2023-03-14 16:25:00	2024-01-08 12:15:00	user
18	roman_zh	roman777	Роман	41	Тюмень	\N	roman.zh@ya.ru	active	2022-10-05 09:40:00	2024-04-18 14:05:00	user
19	yulia_f	july2023	Юлия	23	Тольятти	\N	yulia.f@mail.com	active	2024-05-12 13:20:00	2024-08-22 08:50:00	user
20	maxim_p	maxpower	Максим	32	Ижевск	\N	maxim.p@inbox.ru	pending	2023-09-17 10:35:00	2024-02-28 15:25:00	user
21	tatyana	tanusha	Татьяна	38	Барнаул	\N	tatyana.b@yandex.ru	active	2023-06-30 14:50:00	2024-06-05 11:30:00	user
1	admin	$2a$12$D9AyAzgNA7xS1NRJ3m7CWemO1DZzVOoRFvQr5S4gP4MQ/ecKgEFei	admin	12	Москва	\N	admin@mail.ru	active	2023-01-15 10:30:00	2025-12-22 13:30:51.875489	admin
22	client	$2a$10$KyxPIqVrL1a2rQylbk0p6OUN7yjAP5B279Y8Ed9m80MgXV6Bfdlum	client	\N		\N	client@mail.ru	active	2025-12-22 14:35:55.05309	2025-12-22 14:35:55.05309	CLIENT
23	collector	$2a$10$XoA8hibPZq7UVwhZLPmtjOUDUZ2Ihw5lZu0gfS0tuMK/gr8Idl3ce	collector	\N		\N	collector@mail.ru	active	2025-12-22 14:36:53.234153	2025-12-22 14:36:53.234153	COLLECTOR
24	office	$2a$10$T7EbdVIxpuATunb3jASk9emOznagZOvZhwB72JoP2Uth/4PpBN3h6	office	\N		\N	office@mail.ru	active	2025-12-22 14:37:10.293026	2025-12-22 14:37:10.293026	OFFICE
25	delivery	$2a$10$pjpsNKHukpRqDU95MobTTOwOsBapIj0zwHHdsixu7iddTkKrVbkBy	delivery	\N		\N	delivery@mail.ru	active	2025-12-22 14:37:36.622976	2025-12-22 14:37:36.622976	COURIER
26	banned	$2a$10$3Q9tx.WvE.lq2e.HB8z0FeQoxfpq1K33HMEtz5e2lPi91K6VFs0Ry	banned	\N		\N	banned@mail.ru	banned	2025-12-22 14:38:09.57255	2025-12-22 14:38:09.57255	CLIENT
27	client2	$2a$10$5Q0yoTdHsoUYal0ML8zaaeR/RWc0tvaJlsGImZvneNBoqDmRvsj/i	client2	\N		\N	client2@mail.ru	active	2026-01-20 05:18:40.872361	2026-01-20 05:18:40.872361	CLIENT
2	ivanov92	$2a$10$YAm0OJEWsrsv93h1HGfHTe8K/uxiSFcI6FksZgljGCZHvFur2x8Q.	Иван	31	Москва	\N	ivanov@mail.com	active	2023-01-15 10:30:00	2026-01-21 07:52:54.972436	COLLECTOR
14	vladimir	$2a$10$3DBPtDmBQ4ybbUusP3YGnuihps6C159Zfb/KGjsLiWGKKXhEcJ/iy	Владимир	48	Казань	\N	vladimir.s@inbox.ru	active	2022-12-10 08:20:00	2026-01-21 09:07:47.895498	CLIENT
28	skladodin	$2a$10$6GtJRSptB9D/Q1y9z3Sjz.0hxFg9jQkytCReV.jVqkCjT7LRjr0QS	skladodin	\N	skladodin	\N	skladodin@mail.ru	active	2026-02-06 17:58:00.694506	2026-02-06 17:58:00.694506	CLIENT
29	skladdva	$2a$10$fQw9rERnEc2vTTsMnUmmJuIJ0GeUWYBC7.nU3AvsPCCXwiOnI..MW	skladdva	\N	skladdva	\N	skladdva@mail.ru	active	2026-02-06 17:58:33.241045	2026-02-06 17:58:33.241045	CLIENT
30	skladtri	$2a$10$LD8K.K.rws5WvS6m8wg8quxFNZypZ3y6UwJn34mD/pd15A/31h3Eq	skladtri	\N	skladtri	\N	skladtri@mail.ru	active	2026-02-06 17:58:54.616446	2026-02-06 17:58:54.616446	CLIENT
31	sborshikodin	$2a$10$wYmuDw5UYyka1ZInHy.3Hu9ZOTgLf241QeQbGGzvAc7h/gq4Urs3u	sborshikodin	\N	skladodin	\N	sborshikodin@mail.ru	active	2026-02-06 18:00:13.514652	2026-02-06 18:00:13.514652	COLLECTOR
32	sborshikdva	$2a$10$gwWAcIHLbPQJciN.0JAIee1qvhyGxf1TDC0mSdFFmwlArOmVyTEIe	sborshikdva	\N	skladdva	\N	sborshikdva@mail.ru	active	2026-02-06 18:01:08.549546	2026-02-06 18:01:08.549546	COLLECTOR
33	sborshiktri	$2a$10$vfRMZvFC060.7/6p0P7UUOW4QFCA8Bg7lMvLng.LqQ/bBNwZHnRJe	sborshiktri	\N	skladtri	\N	sborshiktri@mail.ru	active	2026-02-06 18:01:42.00538	2026-02-06 18:01:42.00538	COLLECTOR
34	starаyoshibka	$2a$10$erOCwqfGr1K7z7ttXpNl5e1118ma6rWV/kpWTU7pWH8yncihkPRmG	starаyoshibka	\N	starаyoshibka	\N	starаyoshibka@starаyoshibka.com	active	2026-02-06 18:02:43.712524	2026-02-06 18:02:43.712524	COLLECTOR
35	Reshenie	$2a$10$.lWw3PIG2yy44EH691jO3.3/IVgf37M3IHD2VY92cS29Tku8PXZm6	Reshenie	\N	Reshenie	\N	Reshenie@Reshenie.com	active	2026-02-06 18:03:15.983033	2026-02-06 18:03:15.983033	COLLECTOR
\.

--
-- TOC entry 5065 (class 0 OID 53451)
-- Dependencies: 228
-- Data for Name: usersklad; Type: TABLE DATA; Schema: public; Owner: postgres
--


COPY public.usersklad (id, akticul, count, name, price, category, created_at, description, supplier, updated_at) FROM stdin;
55	ART000055	228	Сыр Бри	520	Молочная продукция	2025-12-16 00:04:26.590152	Французский мягкий сыр с белой плесенью.	Молочные Реки	2026-02-20 07:11:28.115764
14	ART000014	228	Творог 5%	145.5	Молочная продукция	2025-12-16 00:04:26.590152	Нежный творог с пониженной жирностью, богат белком.	Молочные Реки	2026-02-20 07:11:28.115764
54	ART000054	228	Молоко 2,5%	78.5	Молочная продукция	2025-12-16 00:04:26.590152	Пастеризованное молоко с пониженной жирностью.	Молочные Реки	2026-02-20 07:11:28.115764
30	ART000030	228	Ряженка 3,2%	75.9	Молочная продукция	2025-12-16 00:04:26.590152	Традиционный кисломолочный напиток с нежным вкусом.	Молочные Реки	2026-02-20 07:11:28.115764
86	ART000086	228	Молоко 1,5%	72.5	Молочная продукция	2025-12-16 00:04:26.590152	Обезжиренное пастеризованное молоко.	Молочные Реки	2026-02-20 07:11:28.115764
125	ART00125	228	Цветная капуста	115.8	Овощи	2025-12-16 00:04:26.590152	Свежая цветная капуста, диетический продукт.	ВкусВилл	2026-02-20 07:11:28.115764
92	ART000092	225	Арбуз	89.5	Фрукты	2025-12-16 00:04:26.590152	Сладкий сочный арбуз, охлаждающий десерт.	Агроторг Сервис	2026-02-20 07:11:28.115764
117	ART00117	228	Сельдерей стебли	125.8	Овощи	2025-12-16 00:04:26.590152	Стебли сельдерея, хрустящие и ароматные.	ВкусВилл	2026-02-20 07:11:28.115764
95	ART000095	228	Сыр Адыгейский	290	Молочная продукция	2025-12-16 00:04:26.590152	Мягкий рассольный сыр с нежным вкусом.	Молочные Реки	2026-02-20 07:11:28.125879
110	ART00110	228	Молоко козье	195.5	Молочная продукция	2025-12-16 00:04:26.590152	Натуральное козье молоко, легко усваивается.	Молочные Реки	2026-02-20 07:11:28.126522
101	ART00101	228	Свекла свежая	38.9	Овощи	2025-12-16 00:04:26.590152	Свежая свекла, богата витаминами.	ВкусВилл	2026-02-20 07:11:28.126522
94	ART000094	228	Йогурт питьевой	55.9	Молочная продукция	2025-12-16 00:04:26.590152	Питьевой йогурт с фруктовым вкусом.	Молочные Реки	2026-02-20 07:11:28.126522
103	ART00103	228	Сыр Рикотта	280	Молочная продукция	2025-12-16 00:04:26.590152	Итальянский мягкий сыр для десертов.	Молочные Реки	2026-02-20 07:11:28.126522
75	ART000075	228	Лимонад	79.9	Напитки	2025-12-16 00:04:26.590152	Освежающий лимонад с натуральным вкусом.	НапиткиОпт	2026-02-20 07:11:28.099222
38	ART000038	228	Масло сливочное 82,5%	189.9	Молочная продукция	2025-12-16 00:04:26.590152	Натуральное сливочное масло высшего сорта.	Молочные Реки	2026-02-20 07:11:28.110724
137	ART00137	228	Осьминог свежий	1250	Рыба	2025-12-16 00:04:26.590152	Свежий осьминог, морепродукт премиум класса.	Рыбный Мир	2026-02-20 07:11:28.110724
23	ART000023	228	Сыр Гауда	420	Молочная продукция	2025-12-16 00:04:26.590152	Голландский полутвердый сыр с нежным ореховым вкусом.	Молочные Реки	2026-02-20 07:11:28.110724
78	ART000078	228	Простокваша	65.9	Молочная продукция	2025-12-16 00:04:26.590152	Традиционный кисломолочный напиток.	Молочные Реки	2026-02-20 07:11:28.110724
112	ART00112	228	Колбаса сырокопченая	480	Мясо	2025-12-16 00:04:26.590152	Сырокопченая колбаса высшего сорта.	Мясной Двор	2026-02-20 07:11:28.110724
12	ART000012	228	Сок апельсиновый	129.9	Напитки	2025-12-16 00:04:26.590152	Натуральный апельсиновый сок прямого отжима, без добавления сахара и консервантов.	НапиткиОпт	2026-02-20 07:11:28.115764
149	ART00149	228	Укроп свежий	42.8	Овощи	2025-12-16 00:04:26.590152	Свежий укроп, ароматная зелень для блюд.	ВкусВилл	2026-02-20 07:11:28.115764
17	ART000017	228	Форель свежая	890	Рыба	2025-12-16 00:04:26.590152	Свежая форель, выращенная в экологически чистых условиях.	Рыбный Мир	2026-02-20 07:11:28.115764
77	ART000077	228	Кабачки	95.8	Овощи	2025-12-16 00:04:26.590152	Молодые кабачки, нежные и сочные.	ВкусВилл	2026-02-20 07:11:28.136064
8	ART000008	228	Курица филе	320	Мясо	2025-12-16 00:04:26.590152	Свежее куриное филе без костей и кожи, отборное мясо для диетического питания.	Мясной Двор	2026-02-20 07:11:28.136064
108	ART00108	228	Манго	245.5	Фрукты	2025-12-16 00:04:26.590152	Экзотический манго с нежной мякотью.	Агроторг Сервис	2026-02-20 07:11:28.136064
143	ART00143	228	Сыр Пепперони	340	Молочная продукция	2025-12-16 00:04:26.590152	Сыр с добавлением острого перца.	Молочные Реки	2026-02-20 07:11:28.136064
114	ART00114	228	Торт Наполеон	420	Выпечка	2025-12-16 00:04:26.590152	Классический торт из слоеного теста с кремом.	Хлебозавод №1	2026-02-20 07:11:28.142368
91	ART000091	228	Квас	89.9	Напитки	2025-12-16 00:04:26.590152	Традиционный русский хлебный квас.	НапиткиОпт	2026-02-20 07:11:28.142368
63	ART000063	228	Сыр Чеддер	380	Молочная продукция	2025-12-16 00:04:26.590152	Английский твердый сыр с острым вкусом.	Молочные Реки	2026-02-20 07:11:28.142368
113	ART00113	228	Икра красная	1850	Рыба	2025-12-16 00:04:26.590152	Красная икра лососевых рыб, деликатес.	Рыбный Мир	2026-02-20 07:11:28.126522
22	ART000022	228	Йогурт натуральный 3,2%	65.9	Молочная продукция	2025-12-16 00:04:26.590152	Натуральный йогурт без добавок, содержит живые бактерии.	Молочные Реки	2026-02-20 07:11:28.126522
65	ART000065	228	Тунец стейк	950	Рыба	2025-12-16 00:04:26.590152	Стейк из тунца, богат белком и полезными жирами.	Рыбный Мир	2026-02-20 07:11:28.126522
41	ART000041	228	Сельдь соленая	189.9	Рыба	2025-12-16 00:04:26.590152	Соленая сельдь пряного посола, отличная закуска.	Рыбный Мир	2026-02-20 07:11:28.126522
36	ART000036	228	Виноград зеленый	280	Фрукты	2025-12-16 00:04:26.590152	Сладкий зеленый виноград без косточек.	Агроторг Сервис	2026-02-20 07:11:28.126522
150	ART00150	228	Мороженое пломбир	89.9	Молочная продукция	2025-12-16 00:04:26.590152	Классический пломбир из натуральных ингредиентов.	Молочные Реки	2026-02-20 07:11:28.126522
70	ART000070	228	Творог 9%	165.5	Молочная продукция	2025-12-16 00:04:26.590152	Творог средней жирности, нежный и вкусный.	Молочные Реки	2026-02-20 07:11:28.126522
27	ART000027	228	Вода минеральная	49.9	Напитки	2025-12-16 00:04:26.590152	Природная минеральная вода, богата полезными микроэлементами.	НапиткиОпт	2026-02-20 07:11:28.136064
3	ART000003	222	Бананы Эквадор	89.9	Фрукты	2025-12-16 00:04:26.590152	Спелые бананы с насыщенным сладким вкусом.	Агроторг Сервис	2026-02-20 07:11:28.136064
131	ART00131	228	Сок морковный	105.5	Напитки	2025-12-16 00:04:26.590152	Натуральный морковный сок, богат каротином.	НапиткиОпт	2026-02-20 07:11:28.136064
66	ART000066	228	Хлебцы ржаные	89.9	Выпечка	2025-12-16 00:04:26.590152	Диетические ржаные хлебцы, хрустящие и полезные.	Хлебозавод №1	2026-02-20 07:11:28.1464
15	ART000015	228	Сметана 15%	89.9	Молочная продукция	2025-12-16 00:04:26.590152	Натуральная сметана средней жирности, идеальна для заправки.	Молочные Реки	2026-02-20 07:11:28.149549
35	ART000035	228	Кофе зерновой	890	Напитки	2025-12-16 00:04:26.590152	Свежеобжаренный зерновой кофе премиум класса.	НапиткиОпт	2026-02-20 07:11:28.149549
10	ART000010	228	Лосось Норвегия	1250	Рыба	2025-12-16 00:04:26.590152	Свежий норвежский лосось, богат омега-3 жирными кислотами и белком.	Рыбный Мир	2026-02-20 07:11:28.149549
99	ART000099	228	Сок томатный	99.9	Напитки	2025-12-16 00:04:26.590152	Натуральный томатный сок, богат ликопином.	НапиткиОпт	2026-02-20 07:11:28.149549
43	ART000043	228	Чай зеленый	220	Напитки	2025-12-16 00:04:26.590152	Ароматный зеленый чай высшего сорта.	НапиткиОпт	2026-02-20 07:11:28.149549
32	ART000032	228	Баранина для плова	520	Мясо	2025-12-16 00:04:26.590152	Специально нарезанная баранина для приготовления плова.	Мясной Двор	2026-02-20 07:11:28.149549
56	ART000056	228	Утка тушка	580	Мясо	2025-12-16 00:04:26.590152	Целая тушка утки для праздничного стола.	Мясной Двор	2026-02-20 07:11:28.1567
26	ART000026	227	Булка сдобная	35.9	Выпечка	2025-12-16 00:04:26.590152	Сдобная булка с золотистой корочкой, мягкая и ароматная.	Хлебозавод №1	2026-02-20 07:11:28.158456
11	ART000011	228	Хлеб Бородинский	68	Выпечка	2025-12-16 00:04:26.590152	Традиционный ржаной хлеб с кориандром, обладает насыщенным вкусом и ароматом.	Хлебозавод №1	2026-02-20 07:11:28.158456
48	ART000048	228	Телятина вырезка	720	Мясо	2025-12-16 00:04:26.590152	Нежная телятина, идеальна для диетического питания.	Мясной Двор	2026-02-20 07:11:28.158456
33	ART000033	228	Кальмары свежие	450	Рыба	2025-12-16 00:04:26.590152	Свежие кальмары, отличный источник белка.	Рыбный Мир	2026-02-20 07:11:28.158456
98	ART000098	228	Печенье овсяное	85.5	Выпечка	2025-12-16 00:04:26.590152	Полезное овсяное печенье с изюмом.	Хлебозавод №1	2026-02-20 07:11:28.158456
97	ART000097	228	Треска свежая	420	Рыба	2025-12-16 00:04:26.590152	Свежая треска, диетическое белое мясо.	Рыбный Мир	2026-02-20 07:11:28.142368
69	ART000069	228	Перец болгарский	165.8	Овощи	2025-12-16 00:04:26.590152	Свежий болгарский перец разных цветов.	ВкусВилл	2026-02-20 07:11:28.142368
49	ART000049	228	Мидии свежие	680	Рыба	2025-12-16 00:04:26.590152	Свежие мидии, отличный источник белка и микроэлементов.	Рыбный Мир	2026-02-20 07:11:28.1464
46	ART000046	228	Сливки 20%	125.5	Молочная продукция	2025-12-16 00:04:26.590152	Свежие сливки средней жирности, для десертов и кофе.	Молочные Реки	2026-02-20 07:11:28.1464
62	ART000062	228	Кефир 3,2%	85.9	Молочная продукция	2025-12-16 00:04:26.590152	Кефир повышенной жирности с насыщенным вкусом.	Молочные Реки	2026-02-20 07:11:28.1464
39	ART000039	228	Сыр Российский	350	Молочная продукция	2025-12-16 00:04:26.590152	Традиционный полутвердый сыр, универсальный в использовании.	Молочные Реки	2026-02-20 07:11:28.149549
60	ART000060	228	Нектарины	195.5	Фрукты	2025-12-16 00:04:26.590152	Сладкие нектарины с гладкой кожицей.	Агроторг Сервис	2026-02-20 07:11:28.149549
20	ART000020	228	Груши Конференция	145.2	Фрукты	2025-12-16 00:04:26.590152	Сладкие и сочные груши сорта Конференция.	Агроторг Сервис	2026-02-20 07:11:28.149549
25	ART000025	228	Креветки тигровые	1250	Рыба	2025-12-16 00:04:26.590152	Крупные тигровые креветки, отлично подходят для гриля.	Рыбный Мир	2026-02-20 07:11:28.158456
106	ART00106	228	Кекс маковый	65	Выпечка	2025-12-16 00:04:26.590152	Сдобный кекс с маковой начинкой.	Хлебозавод №1	2026-02-20 07:11:28.163993
128	ART00128	228	Сало соленое	220	Мясо	2025-12-16 00:04:26.590152	Соленое сало с чесноком и специями.	Мясной Двор	2026-02-20 07:11:28.163993
105	ART00105	228	Семга слабосоленая	850	Рыба	2025-12-16 00:04:26.590152	Слабосоленая семга для бутербродов.	Рыбный Мир	2026-02-20 07:11:28.167125
138	ART00138	228	Рогалик с корицей	55	Выпечка	2025-12-16 00:04:26.590152	Сдобный рогалик с коричной посыпкой.	Хлебозавод №1	2026-02-20 07:11:28.167125
126	ART00126	228	Творог 0%	135.5	Молочная продукция	2025-12-16 00:04:26.590152	Обезжиренный творог, богат белком.	Молочные Реки	2026-02-20 07:11:28.167125
129	ART00129	228	Камбала свежая	380	Рыба	2025-12-16 00:04:26.590152	Свежая камбала, нежное плоское мясо.	Рыбный Мир	2026-02-20 07:11:28.167125
45	ART000045	228	Капуста белокочанная	45.8	Овощи	2025-12-16 00:04:26.590152	Свежая белокочанная капуста, хрустящая и сочная.	ВкусВилл	2026-02-20 07:11:28.167125
130	ART00130	228	Вафли с кремом	78.5	Выпечка	2025-12-16 00:04:26.590152	Хрустящие вафли с шоколадным кремом.	Хлебозавод №1	2026-02-20 07:11:28.158456
119	ART00119	228	Сыр Эдам	360	Молочная продукция	2025-12-16 00:04:26.590152	Голландский сыр в красной парафиновой оболочке.	Молочные Реки	2026-02-20 07:11:28.163993
111	ART00111	228	Сыр Дор Блю	520	Молочная продукция	2025-12-16 00:04:26.590152	Французский сыр с голубой плесенью.	Молочные Реки	2026-02-20 07:11:28.163993
82	ART000082	228	Булочка с маком	42.5	Выпечка	2025-12-16 00:04:26.590152	Сдобная булочка с маковой посыпкой.	Хлебозавод №1	2026-02-20 07:11:28.177346
13	ART000013	228	Картофель мытый	55.3	Овощи	2025-12-16 00:04:26.590152	Мытый картофель, готов к приготовлению, отборные клубни.	ВкусВилл	2026-02-20 07:11:28.177346
80	ART000080	228	Куриные крылышки	280	Мясо	2025-12-16 00:04:26.590152	Куриные крылышки для жарки и гриля.	Мясной Двор	2026-02-20 07:11:28.177346
52	ART000052	228	Мандарины	155.8	Фрукты	2025-12-16 00:04:26.590152	Сладкие мандарины, символ Нового года.	Агроторг Сервис	2026-02-20 07:11:28.177346
135	ART00135	228	Сыр Горгонзола	480	Молочная продукция	2025-12-16 00:04:26.590152	Итальянский сыр с голубой плесенью.	Молочные Реки	2026-02-20 07:11:28.187448
74	ART000074	228	Слойка с яблоком	55	Выпечка	2025-12-16 00:04:26.590152	Слоеное тесто с начинкой из яблок.	Хлебозавод №1	2026-02-20 07:11:28.189536
59	ART000059	228	Газировка Кола	89.9	Напитки	2025-12-16 00:04:26.590152	Классический газированный напиток Кола.	НапиткиОпт	2026-02-20 07:11:28.167125
84	ART000084	228	Грейпфрут	125.5	Фрукты	2025-12-16 00:04:26.590152	Свежий грейпфрут с горьковато-сладким вкусом.	Агроторг Сервис	2026-02-20 07:11:28.167125
51	ART000051	228	Какао-напиток	135	Напитки	2025-12-16 00:04:26.590152	Горячий шоколадный напиток для детей и взрослых.	НапиткиОпт	2026-02-20 07:11:28.167125
37	ART000037	228	Лук репчатый	42.8	Овощи	2025-12-16 00:04:26.590152	Свежий репчатый лук, основной ингредиент для многих блюд.	ВкусВилл	2026-02-20 07:11:28.173728
7	ART000007	228	Кефир 2,5%	79.9	Молочная продукция	2025-12-16 00:04:26.590152	Натуральный кефир с живыми бактериями, способствует улучшению пищеварения.	Молочные Реки	2026-02-20 07:11:28.174308
141	ART00141	228	Зелень петрушки	45.8	Овощи	2025-12-16 00:04:26.590152	Свежая петрушка, ароматная приправа.	ВкусВилл	2026-02-20 07:11:28.174308
109	ART00109	228	Шпинат свежий	135.8	Овощи	2025-12-16 00:04:26.590152	Свежий шпинат, богат железом и витаминами.	ВкусВилл	2026-02-20 07:11:28.177346
44	ART000044	228	Киви	165.5	Фрукты	2025-12-16 00:04:26.590152	Спелые киви с кисло-сладким вкусом, богаты витамином С.	Агроторг Сервис	2026-02-20 07:11:28.190155
9	ART000009	228	Говядина вырезка	650	Мясо	2025-12-16 00:04:26.590152	Премиальная говяжья вырезка для стейков, нежная и сочная.	Мясной Двор	2026-02-20 07:11:28.190155
21	ART000021	228	Помидоры сливовидные	189.9	Овощи	2025-12-16 00:04:26.590152	Мясистые помидоры сливовидной формы, идеальны для соусов.	ВкусВилл	2026-02-20 07:11:28.177346
96	ART000096	228	Свиной фарш	320	Мясо	2025-12-16 00:04:26.590152	Свежий свиной фарш для пельменей и котлет.	Мясной Двор	2026-02-20 07:11:28.177346
34	ART000034	228	Пончики с сахарной пудрой	65	Выпечка	2025-12-16 00:04:26.590152	Воздушные пончики в сахарной пудре, нежное лакомство.	Хлебозавод №1	2026-02-20 07:11:28.197699
1	ART000001	228	Яблоки Голден	120.5	Фрукты	2025-12-16 00:04:26.590152	Свежие яблоки сладких сортов, идеально подходят для выпечки и употребления в свежем виде.	Агроторг Сервис	2026-02-20 07:11:28.197699
142	ART00142	228	Йогурт греческий	89.9	Молочная продукция	2025-12-16 00:04:26.590152	Греческий йогурт с густой консистенцией.	Молочные Реки	2026-02-20 07:11:28.197699
31	ART000031	228	Сыр Моцарелла	380	Молочная продукция	2025-12-16 00:04:26.590152	Итальянский сыр для пиццы и салатов, с нежной текстурой.	Молочные Реки	2026-02-20 07:11:28.197699
67	ART000067	228	Сок мультифрукт	139.9	Напитки	2025-12-16 00:04:26.590152	Сок из смеси фруктов, насыщенный витаминами.	НапиткиОпт	2026-02-20 07:11:28.197699
57	ART000057	228	Скумбрия свежая	280	Рыба	2025-12-16 00:04:26.590152	Свежая скумбрия, отлично подходит для запекания.	Рыбный Мир	2026-02-20 07:11:28.197699
40	ART000040	228	Кролик тушка	680	Мясо	2025-12-16 00:04:26.590152	Нежное диетическое мясо кролика, целая тушка.	Мясной Двор	2026-02-20 07:11:28.197699
61	ART000061	227	Баклажаны	145.8	Овощи	2025-12-16 00:04:26.590152	Свежие баклажаны, идеальны для рагу и запекания.	ВкусВилл	2026-02-20 07:11:28.197699
53	ART000053	228	Чеснок свежий	89.9	Овощи	2025-12-16 00:04:26.590152	Ароматный свежий чеснок, усилитель вкуса блюд.	ВкусВилл	2026-02-20 07:11:28.205887
58	ART000058	228	Пирожок с капустой	45	Выпечка	2025-12-16 00:04:26.590152	Сдобный пирожок с начинкой из тушеной капусты.	Хлебозавод №1	2026-02-20 07:11:28.205887
29	ART000029	228	Огурцы тепличные	120.5	Овощи	2025-12-16 00:04:26.590152	Свежие тепличные огурцы, хрустящие и сочные.	ВкусВилл	2026-02-20 07:11:28.207918
5	ART000005	228	Морковь мытая	78.4	Овощи	2025-12-16 00:04:26.590152	Свежая мытая морковь, готова к употреблению, содержит бета-каротин и витамины.	ВкусВилл	2026-02-20 07:11:28.207918
6	ART000006	228	Молоко 3,2%	85	Молочная продукция	2025-12-16 00:04:26.590152	Свежее пастеризованное молоко с натуральной жирностью, от проверенного поставщика.	Молочные Реки	2026-02-20 07:11:28.207918
146	ART00146	228	Бисквит классический	120	Выпечка	2025-12-16 00:04:26.590152	Воздушный бисквит для тортов.	Хлебозавод №1	2026-02-20 07:11:28.190155
122	ART00122	228	Пряник тульский	95	Выпечка	2025-12-16 00:04:26.590152	Знаменитый тульский пряник с глазурью.	Хлебозавод №1	2026-02-20 07:11:28.190155
4	ART000004	228	Лимоны Турция	129.5	Фрукты	2025-12-16 00:04:26.590152	Ароматные лимоны с кислым освежающим вкусом.	Агроторг Сервис	2026-02-20 07:11:28.190155
47	ART000047	228	Сыр Пармезан	650	Молочная продукция	2025-12-16 00:04:26.590152	Итальянский твердый сыр с насыщенным вкусом.	Молочные Реки	2026-02-20 07:11:28.197699
100	ART00100	228	Дыня	195.5	Фрукты	2025-12-16 00:04:26.590152	Сладкая сочная дыня с ароматной мякотью.	Агроторг Сервис	2026-02-20 07:11:28.207918
28	ART000028	228	Персики	210	Фрукты	2025-12-16 00:04:26.590152	Сочные спелые персики с нежной мякотью.	Агроторг Сервис	2026-02-20 07:11:28.207918
115	ART00115	228	Компот вишневый	89.9	Напитки	2025-12-16 00:04:26.590152	Натуральный вишневый компот.	НапиткиОпт	2026-02-20 07:11:28.21802
85	ART000085	228	Тыква	68.9	Овощи	2025-12-16 00:04:26.590152	Сладкая тыква для каш и пирогов.	ВкусВилл	2026-02-20 07:11:28.21802
83	ART000083	228	Энергетик	129.9	Напитки	2025-12-16 00:04:26.590152	Энергетический напиток для бодрости.	НапиткиОпт	2026-02-20 07:11:28.21802
72	ART000072	228	Свиные ребрышки	350	Мясо	2025-12-16 00:04:26.590152	Свиные ребрышки для гриля и запекания.	Мясной Двор	2026-02-20 07:11:28.221117
132	ART00132	228	Инжир свежий	265.5	Фрукты	2025-12-16 00:04:26.590152	Свежий инжир с медовым вкусом.	Агроторг Сервис	2026-02-20 07:11:28.221685
79	ART000079	228	Сыр Камамбер	480	Молочная продукция	2025-12-16 00:04:26.590152	Французский сыр с белой плесенью, нежный вкус.	Молочные Реки	2026-02-20 07:11:28.207918
73	ART000073	228	Окунь морской	520	Рыба	2025-12-16 00:04:26.590152	Свежий морской окунь, нежное белое мясо.	Рыбный Мир	2026-02-20 07:11:28.207918
81	ART000081	228	Щука свежая	380	Рыба	2025-12-16 00:04:26.590152	Свежая щука, отлично подходит для ухи.	Рыбный Мир	2026-02-20 07:11:28.207918
71	ART000071	228	Сыр Фета	320	Молочная продукция	2025-12-16 00:04:26.590152	Греческий сыр из овечьего молока, солоноватый вкус.	Молочные Реки	2026-02-20 07:11:28.221685
87	ART000087	228	Сыр Сулугуни	310	Молочная продукция	2025-12-16 00:04:26.590152	Грузинский рассольный сыр, упругий и соленый.	Молочные Реки	2026-02-20 07:11:28.221685
88	ART000088	228	Говяжий фарш	380	Мясо	2025-12-16 00:04:26.590152	Свежий говяжий фарш для котлет и фрикаделек.	Мясной Двор	2026-02-20 07:11:28.221685
64	ART000064	228	Говяжья грудинка	420	Мясо	2025-12-16 00:04:26.590152	Говяжья грудинка для супов и тушения.	Мясной Двор	2026-02-20 07:11:28.221685
50	ART000050	228	Круассан с шоколадом	75	Выпечка	2025-12-16 00:04:26.590152	Слоеный круассан с начинкой из шоколада.	Хлебозавод №1	2026-02-20 07:11:28.221685
89	ART000089	228	Карп свежий	320	Рыба	2025-12-16 00:04:26.590152	Свежий карп, популярная речная рыба.	Рыбный Мир	2026-02-20 07:11:28.207918
107	ART00107	228	Морс клюквенный	115.5	Напитки	2025-12-16 00:04:26.590152	Натуральный клюквенный морс, богат витаминами.	НапиткиОпт	2026-02-20 07:11:28.207918
93	ART000093	228	Редис	78.9	Овощи	2025-12-16 00:04:26.590152	Свежий редис с острым вкусом, для салатов.	ВкусВилл	2026-02-20 07:11:28.207918
144	ART00144	228	Куриная печень	180	Мясо	2025-12-16 00:04:26.590152	Свежая куриная печень, богата железом.	Мясной Двор	2026-02-20 07:11:28.207918
120	ART00120	228	Ветчина	380	Мясо	2025-12-16 00:04:26.590152	Вареная ветчина высшего сорта.	Мясной Двор	2026-02-20 07:11:28.221685
123	ART00123	228	Сок виноградный	119.9	Напитки	2025-12-16 00:04:26.590152	Натуральный виноградный сок прямого отжима.	НапиткиОпт	2026-02-20 07:11:28.228221
121	ART00121	228	Крабовые палочки	185.5	Рыба	2025-12-16 00:04:26.590152	Крабовые палочки из сурими.	Рыбный Мир	2026-02-20 07:11:28.228221
133	ART00133	228	Брокколи	145.8	Овощи	2025-12-16 00:04:26.590152	Свежая брокколи, суперфуд с витаминами.	ВкусВилл	2026-02-20 07:11:28.228221
16	ART000016	228	Свинина шейка	380	Мясо	2025-12-16 00:04:26.590152	Нежная свиная шейка, идеально подходит для шашлыка.	Мясной Двор	2026-02-20 07:11:28.228221
145	ART00145	228	Устрицы свежие	850	Рыба	2025-12-16 00:04:26.590152	Свежие устрицы, морской деликатес.	Рыбный Мир	2026-02-20 07:11:28.228221
116	ART00116	201	Ананас	325.5	Фрукты	2025-12-16 00:04:26.590152	Свежий ананас с сочной мякотью.	Агроторг Сервис	2026-02-20 07:11:28.228221
139	ART00139	228	Сок гранатовый	165.5	Напитки	2025-12-16 00:04:26.590152	Натуральный гранатовый сок, богат антиоксидантами.	НапиткиОпт	2026-02-20 07:11:28.228221
90	ART000090	228	Пирожное Картошка	45	Выпечка	2025-12-16 00:04:26.590152	Десертное пирожное в форме картошки.	Хлебозавод №1	2026-02-20 07:11:28.228221
124	ART00124	228	Гранат	189.5	Фрукты	2025-12-16 00:04:26.590152	Спелый гранат с рубиновыми зернами.	Агроторг Сервис	2026-02-20 07:11:28.228221
127	ART00127	228	Сыр Маасдам	390	Молочная продукция	2025-12-16 00:04:26.590152	Голландский сыр с крупными дырками.	Молочные Реки	2026-02-20 07:11:28.237971
2	ART000002	205	Апельсины Марокко	145.8	Фрукты	2025-12-16 00:04:26.590152	Сочные марокканские апельсины, богаты витамином С.	Агроторг Сервис	2026-02-20 07:11:28.238576
148	ART00148	228	Хурма	165.5	Фрукты	2025-12-16 00:04:26.590152	Сладкая хурма с нежной мякотью.	Агроторг Сервис	2026-02-20 07:11:28.238576
42	ART000042	191	Багель с кунжутом	55.5	Выпечка	2025-12-16 00:04:26.590152	Классический багель посыпанный кунжутом.	Хлебозавод №1	2026-02-20 07:11:28.238576
19	ART000019	228	Сок яблочный	115.5	Напитки	2025-12-16 00:04:26.590152	Натуральный яблочный сок прямого отжима, богат витаминами.	НапиткиОпт	2026-02-20 07:11:28.238576
134	ART00134	228	Масло топленое	220	Молочная продукция	2025-12-16 00:04:26.590152	Топленое масло для жарки и выпечки.	Молочные Реки	2026-02-20 07:11:28.238576
18	ART000018	226	Батон нарезной	48.5	Выпечка	2025-12-16 00:04:26.590152	Свежий пшеничный батон, нарезанный ломтиками.	Хлебозавод №1	2026-02-20 07:11:28.238576
118	ART00118	228	Сметана 20%	105.9	Молочная продукция	2025-12-16 00:04:26.590152	Жирная сметана для заправки и выпечки.	Молочные Реки	2026-02-20 07:11:28.238576
68	ART000068	228	Слива синяя	135.5	Фрукты	2025-12-16 00:04:26.590152	Сладкие синие сливы с сочной мякотью.	Агроторг Сервис	2026-02-20 07:11:28.238576
136	ART00136	228	Говяжий язык	580	Мясо	2025-12-16 00:04:26.590152	Отварной говяжий язык, деликатес.	Мясной Двор	2026-02-20 07:11:28.238576
76	ART000076	194	Абрикосы	175.5	Фрукты	2025-12-16 00:04:26.590152	Спелые абрикосы с бархатистой кожицей.	Агроторг Сервис	2026-02-20 07:11:28.238576
147	ART00147	228	Сок персиковый	135.5	Напитки	2025-12-16 00:04:26.590152	Натуральный персиковый сок с мякотью.	НапиткиОпт	2026-02-20 07:11:28.238576
24	ART000024	228	Индейка грудка	340	Мясо	2025-12-16 00:04:26.590152	Диетическое филе индейки, нежное мясо с низким содержанием жира.	Мясной Двор	2026-02-20 07:11:28.238576
104	ART00104	228	Куриные бедра	290	Мясо	2025-12-16 00:04:26.590152	Куриные бедра с кожей, сочные и ароматные.	Мясной Двор	2026-02-20 07:11:28.248681
140	ART00140	194	Авокадо	185.5	Фрукты	2025-12-16 00:04:26.590152	Спелый авокадо с маслянистой мякотью.	Агроторг Сервис	2026-02-20 07:11:28.228221
102	ART00102	228	Творожная масса	125.5	Молочная продукция	2025-12-16 00:04:26.590152	Сладкая творожная масса с изюмом.	Молочные Реки	2026-02-20 07:11:28.236863
\.

--
-- TOC entry 5104 (class 0 OID 0)
-- Dependencies: 234
-- Name: blacklisted_tokens_id_seq; Type: SEQUENCE SET; Schema: public; Owner: postgres
--

SELECT pg_catalog.setval (
        'public.blacklisted_tokens_id_seq', 1, false
    );

--
-- TOC entry 5105 (class 0 OID 0)
-- Dependencies: 217
-- Name: cart_items_id_seq; Type: SEQUENCE SET; Schema: public; Owner: postgres
--

SELECT pg_catalog.setval ( 'public.cart_items_id_seq', 747, true );

--
-- TOC entry 5106 (class 0 OID 0)
-- Dependencies: 219
-- Name: carts_id_seq; Type: SEQUENCE SET; Schema: public; Owner: postgres
--

SELECT pg_catalog.setval ( 'public.carts_id_seq', 239, true );

--
-- TOC entry 5107 (class 0 OID 0)
-- Dependencies: 221
-- Name: collector_tasks_id_seq; Type: SEQUENCE SET; Schema: public; Owner: postgres
--

SELECT pg_catalog.setval (
        'public.collector_tasks_id_seq', 1, false
    );

--
-- TOC entry 5108 (class 0 OID 0)
-- Dependencies: 223
-- Name: collectors_id_seq; Type: SEQUENCE SET; Schema: public; Owner: postgres
--

SELECT pg_catalog.setval ( 'public.collectors_id_seq', 1, false );

--
-- TOC entry 5109 (class 0 OID 0)
-- Dependencies: 229
-- Name: compensation_logs_id_seq; Type: SEQUENCE SET; Schema: public; Owner: postgres
--

SELECT pg_catalog.setval (
        'public.compensation_logs_id_seq', 1, false
    );

--
-- TOC entry 5110 (class 0 OID 0)
-- Dependencies: 225
-- Name: deliveries_id_seq; Type: SEQUENCE SET; Schema: public; Owner: postgres
--

SELECT pg_catalog.setval ( 'public.deliveries_id_seq', 1, false );

--
-- TOC entry 5111 (class 0 OID 0)
-- Dependencies: 242
-- Name: office_problems_id_seq; Type: SEQUENCE SET; Schema: public; Owner: postgres
--

SELECT pg_catalog.setval (
        'public.office_problems_id_seq', 24, true
    );

--
-- TOC entry 5112 (class 0 OID 0)
-- Dependencies: 240
-- Name: orders_id_seq; Type: SEQUENCE SET; Schema: public; Owner: postgres
--

SELECT pg_catalog.setval ( 'public.orders_id_seq', 246, true );

--
-- TOC entry 5113 (class 0 OID 0)
-- Dependencies: 251
-- Name: pay_back_id_seq; Type: SEQUENCE SET; Schema: public; Owner: postgres
--

SELECT pg_catalog.setval ( 'public.pay_back_id_seq', 261, true );

--
-- TOC entry 5114 (class 0 OID 0)
-- Dependencies: 247
-- Name: payment_accounts_id_seq; Type: SEQUENCE SET; Schema: public; Owner: postgres
--

SELECT pg_catalog.setval (
        'public.payment_accounts_id_seq', 16, true
    );

--
-- TOC entry 5115 (class 0 OID 0)
-- Dependencies: 253
-- Name: payment_carts_id_seq; Type: SEQUENCE SET; Schema: public; Owner: postgres
--

SELECT pg_catalog.setval ( 'public.payment_carts_id_seq', 3, true );

--
-- TOC entry 5116 (class 0 OID 0)
-- Dependencies: 249
-- Name: payment_transactions_id_seq; Type: SEQUENCE SET; Schema: public; Owner: postgres
--

SELECT pg_catalog.setval (
        'public.payment_transactions_id_seq', 83, true
    );

--
-- TOC entry 5117 (class 0 OID 0)
-- Dependencies: 231
-- Name: saga_steps_id_seq; Type: SEQUENCE SET; Schema: public; Owner: postgres
--

SELECT pg_catalog.setval ( 'public.saga_steps_id_seq', 1, false );

--
-- TOC entry 5118 (class 0 OID 0)
-- Dependencies: 236
-- Name: user_sessions_id_seq; Type: SEQUENCE SET; Schema: public; Owner: postgres
--

SELECT pg_catalog.setval (
        'public.user_sessions_id_seq', 229, true
    );

--
-- TOC entry 5119 (class 0 OID 0)
-- Dependencies: 238
-- Name: users_id_seq; Type: SEQUENCE SET; Schema: public; Owner: postgres
--

SELECT pg_catalog.setval ( 'public.users_id_seq', 35, true );

--
-- TOC entry 5120 (class 0 OID 0)
-- Dependencies: 227
-- Name: usersklad_id_seq; Type: SEQUENCE SET; Schema: public; Owner: postgres
--

SELECT pg_catalog.setval ( 'public.usersklad_id_seq', 1, false );

--
-- TOC entry 4880 (class 2606 OID 53519)
-- Name: blacklisted_tokens blacklisted_tokens_pkey; Type: CONSTRAINT; Schema: public; Owner: postgres
--

ALTER TABLE ONLY public.blacklisted_tokens
ADD CONSTRAINT blacklisted_tokens_pkey PRIMARY KEY (id);

--
-- TOC entry 4854 (class 2606 OID 53411)
-- Name: cart_items cart_items_pkey; Type: CONSTRAINT; Schema: public; Owner: postgres
--

ALTER TABLE ONLY public.cart_items
ADD CONSTRAINT cart_items_pkey PRIMARY KEY (id);

--
-- TOC entry 4856 (class 2606 OID 53417)
-- Name: carts carts_pkey; Type: CONSTRAINT; Schema: public; Owner: postgres
--

ALTER TABLE ONLY public.carts
ADD CONSTRAINT carts_pkey PRIMARY KEY (id);

--
-- TOC entry 4858 (class 2606 OID 53426)
-- Name: collector_tasks collector_tasks_pkey; Type: CONSTRAINT; Schema: public; Owner: postgres
--

ALTER TABLE ONLY public.collector_tasks
ADD CONSTRAINT collector_tasks_pkey PRIMARY KEY (id);

--
-- TOC entry 4862 (class 2606 OID 53435)
-- Name: collectors collectors_pkey; Type: CONSTRAINT; Schema: public; Owner: postgres
--

ALTER TABLE ONLY public.collectors
ADD CONSTRAINT collectors_pkey PRIMARY KEY (id);

--
-- TOC entry 4872 (class 2606 OID 53491)
-- Name: compensation_logs compensation_logs_pkey; Type: CONSTRAINT; Schema: public; Owner: postgres
--

ALTER TABLE ONLY public.compensation_logs
ADD CONSTRAINT compensation_logs_pkey PRIMARY KEY (id);

--
-- TOC entry 4866 (class 2606 OID 53449)
-- Name: deliveries deliveries_pkey; Type: CONSTRAINT; Schema: public; Owner: postgres
--

ALTER TABLE ONLY public.deliveries
ADD CONSTRAINT deliveries_pkey PRIMARY KEY (id);

--
-- TOC entry 4896 (class 2606 OID 53605)
-- Name: office_problems office_problems_pkey; Type: CONSTRAINT; Schema: public; Owner: postgres
--

ALTER TABLE ONLY public.office_problems
ADD CONSTRAINT office_problems_pkey PRIMARY KEY (id);

--
-- TOC entry 4894 (class 2606 OID 53595)
-- Name: orders orders_pkey; Type: CONSTRAINT; Schema: public; Owner: postgres
--

ALTER TABLE ONLY public.orders
ADD CONSTRAINT orders_pkey PRIMARY KEY (id);

--
-- TOC entry 4904 (class 2606 OID 64824)
-- Name: pay_back pay_back_pkey; Type: CONSTRAINT; Schema: public; Owner: postgres
--

ALTER TABLE ONLY public.pay_back
ADD CONSTRAINT pay_back_pkey PRIMARY KEY (id);

--
-- TOC entry 4898 (class 2606 OID 64150)
-- Name: payment_accounts payment_accounts_pkey; Type: CONSTRAINT; Schema: public; Owner: postgres
--

ALTER TABLE ONLY public.payment_accounts
ADD CONSTRAINT payment_accounts_pkey PRIMARY KEY (id);

--
-- TOC entry 4900 (class 2606 OID 64152)
-- Name: payment_accounts payment_accounts_user_id_key; Type: CONSTRAINT; Schema: public; Owner: postgres
--

ALTER TABLE ONLY public.payment_accounts
ADD CONSTRAINT payment_accounts_user_id_key UNIQUE (user_id);

--
-- TOC entry 4906 (class 2606 OID 65161)
-- Name: payment_carts payment_carts_pkey; Type: CONSTRAINT; Schema: public; Owner: postgres
--

ALTER TABLE ONLY public.payment_carts
ADD CONSTRAINT payment_carts_pkey PRIMARY KEY (id);

--
-- TOC entry 4902 (class 2606 OID 64160)
-- Name: payment_transactions payment_transactions_pkey; Type: CONSTRAINT; Schema: public; Owner: postgres
--

ALTER TABLE ONLY public.payment_transactions
ADD CONSTRAINT payment_transactions_pkey PRIMARY KEY (id);

--
-- TOC entry 4874 (class 2606 OID 53500)
-- Name: saga_steps saga_steps_pkey; Type: CONSTRAINT; Schema: public; Owner: postgres
--

ALTER TABLE ONLY public.saga_steps
ADD CONSTRAINT saga_steps_pkey PRIMARY KEY (id);

--
-- TOC entry 4876 (class 2606 OID 53508)
-- Name: transactions transactions_pkey; Type: CONSTRAINT; Schema: public; Owner: postgres
--

ALTER TABLE ONLY public.transactions
ADD CONSTRAINT transactions_pkey PRIMARY KEY (id);

--
-- TOC entry 4860 (class 2606 OID 53437)
-- Name: collector_tasks uk_8cf9wh1xvs0a9n54d0hn066k1; Type: CONSTRAINT; Schema: public; Owner: postgres
--

ALTER TABLE ONLY public.collector_tasks
ADD CONSTRAINT uk_8cf9wh1xvs0a9n54d0hn066k1 UNIQUE (task_id);

--
-- TOC entry 4864 (class 2606 OID 53439)
-- Name: collectors uk_fs0vf76idxe9p9t2m61d6wcmu; Type: CONSTRAINT; Schema: public; Owner: postgres
--

ALTER TABLE ONLY public.collectors
ADD CONSTRAINT uk_fs0vf76idxe9p9t2m61d6wcmu UNIQUE (collector_id);

--
-- TOC entry 4882 (class 2606 OID 53530)
-- Name: blacklisted_tokens uk_ibvoggbe8ijw4l7xyyotp5n7g; Type: CONSTRAINT; Schema: public; Owner: postgres
--

ALTER TABLE ONLY public.blacklisted_tokens
ADD CONSTRAINT uk_ibvoggbe8ijw4l7xyyotp5n7g UNIQUE (token);

--
-- TOC entry 4884 (class 2606 OID 53532)
-- Name: user_sessions uk_mo6asex1487nuifragpy87dpb; Type: CONSTRAINT; Schema: public; Owner: postgres
--

ALTER TABLE ONLY public.user_sessions
ADD CONSTRAINT uk_mo6asex1487nuifragpy87dpb UNIQUE (session_uuid);

--
-- TOC entry 4868 (class 2606 OID 53568)
-- Name: usersklad ukje6dsj3gb74p3imgthlhp9499; Type: CONSTRAINT; Schema: public; Owner: postgres
--

ALTER TABLE ONLY public.usersklad
ADD CONSTRAINT ukje6dsj3gb74p3imgthlhp9499 UNIQUE (akticul);

--
-- TOC entry 4908 (class 2606 OID 65163)
-- Name: payment_carts ukr93ds53o94rehrtl2nmkvpjo1; Type: CONSTRAINT; Schema: public; Owner: postgres
--

ALTER TABLE ONLY public.payment_carts
ADD CONSTRAINT ukr93ds53o94rehrtl2nmkvpjo1 UNIQUE (cart_number);

--
-- TOC entry 4878 (class 2606 OID 53510)
-- Name: transactions ukrthu6t9h3qfej8txljv8msly0; Type: CONSTRAINT; Schema: public; Owner: postgres
--

ALTER TABLE ONLY public.transactions
ADD CONSTRAINT ukrthu6t9h3qfej8txljv8msly0 UNIQUE (order_id);

--
-- TOC entry 4886 (class 2606 OID 53528)
-- Name: user_sessions user_sessions_pkey; Type: CONSTRAINT; Schema: public; Owner: postgres
--

ALTER TABLE ONLY public.user_sessions
ADD CONSTRAINT user_sessions_pkey PRIMARY KEY (id);

--
-- TOC entry 4888 (class 2606 OID 53577)
-- Name: users users_email_key; Type: CONSTRAINT; Schema: public; Owner: postgres
--

ALTER TABLE ONLY public.users
ADD CONSTRAINT users_email_key UNIQUE (email);

--
-- TOC entry 4890 (class 2606 OID 53561)
-- Name: users users_pkey; Type: CONSTRAINT; Schema: public; Owner: postgres
--

ALTER TABLE ONLY public.users
ADD CONSTRAINT users_pkey PRIMARY KEY (id);

--
-- TOC entry 4892 (class 2606 OID 53563)
-- Name: users users_username_key; Type: CONSTRAINT; Schema: public; Owner: postgres
--

ALTER TABLE ONLY public.users
ADD CONSTRAINT users_username_key UNIQUE (username);

--
-- TOC entry 4870 (class 2606 OID 53455)
-- Name: usersklad usersklad_pkey; Type: CONSTRAINT; Schema: public; Owner: postgres
--

ALTER TABLE ONLY public.usersklad
ADD CONSTRAINT usersklad_pkey PRIMARY KEY (id);

-- Completed on 2026-02-20 07:37:13

--
-- PostgreSQL database dump complete
--